rank,feature,mean_abs_shap_value
1,Dep Hour,0.4054755205457704
2,Year,0.17148040053282634
3,Op Unique Carrier Wn,0.0876649559919687
4,Day Of Week,0.07766201666272939
5,Op Unique Carrier Yx,0.06697737446459004
6,Op Unique Carrier Dl,0.050883677811386176
7,Distance,0.050231564579948214
8,Op Unique Carrier Ua,0.04902415051144041
9,Is Peak Hour,0.043141773840656046
10,Origin State Abr Co,0.034032206959343454
11,Op Unique Carrier Oo,0.027386430012013584
12,Origin State Abr Hi,0.02360769382769211
13,Op Unique Carrier Mq,0.020510958565998483
14,Origin State Abr Il,0.019575943666526794
15,Op Unique Carrier 9E,0.01876238806742978
16,Op Unique Carrier B6,0.01829817041084451
17,Origin State Abr Ca,0.018061201225578267
18,Op Unique Carrier F9,0.017023751356628612
19,Origin State Abr Nj,0.01677387026300406
20,Dest State Abr Nj,0.01523644834135466
21,Dest State Abr Fl,0.013265410734745057
22,Origin State Abr Ak,0.012976215343282803
23,Dest State Abr Ny,0.012717346511565168
24,Dest State Abr Az,0.011514194677210373
25,Origin State Abr Az,0.011271386579205026
26,Dest State Abr Ca,0.01125356330639733
27,Origin State Abr Ny,0.010515665666970904
28,Dest State Abr Il,0.009703921201131857
29,Origin State Abr Tx,0.009254584127541833
30,Origin State Abr Ut,0.00883391652522272
31,Origin State Abr Ma,0.008490431282837337
32,Op Unique Carrier Oh,0.00845632000720857
33,Route Bna Sfo,0.008376672662032899
34,Op Unique Carrier Aa,0.008166605308346918
35,Op Unique Carrier Ha,0.008108202880617022
36,Route Fai Sea,0.007881739269528567
37,Dest State Abr Tx,0.00766435952333452
38,Route Anc Phx,0.006889803388441894
39,Route Rdu Iad,0.006677035710120428
40,Route Abq Sfo,0.006119814619625293
41,Route Fll Jfk,0.005950126311152226
42,Route Rno Oak,0.00550633251823377
43,Route Dfw Sfo,0.0052940525931984665
44,Origin State Abr Or,0.005265301524919887
45,Route Sfo Pdx,0.005139567191750234
46,Route Sjc Lax,0.0050620876257986515
47,Op Unique Carrier Nk,0.0050019010021252995
48,Dest State Abr Ut,0.004822142870310515
49,Origin State Abr Wa,0.004807974835348038
50,Route Mem Ord,0.004735183243285942
51,Route Cmh Iah,0.004590600815669914
52,Route Phx Flg,0.004508605130964774
53,Route Phx Fsd,0.004464117080309092
54,Route Ord Elp,0.00424902044455412
55,Route Pdx Dtw,0.004021953080809185
56,Dest State Abr Co,0.004014410807392658
57,Op Unique Carrier G4,0.003843296869961066
58,Route Dtw Sdf,0.0037069908057367766
59,Origin State Abr Fl,0.0036065506544136765
60,Origin State Abr Ga,0.0035334500676805626
61,Route Sfo Sea,0.00351113901141045
62,Dest State Abr Ma,0.0034235878773733242
63,Route Infrequent Sklearn,0.0033664301001646215
64,Route Dfw Atl,0.0033326278976153288
65,Route Sea Stl,0.003288749946921719
66,Route Las Slc,0.0032684891617975544
67,Route Sna Sfo,0.003203626246682552
68,Dest State Abr Sd,0.0031975783368545525
69,Route Dal Atl,0.003183612837579423
70,Route Dfw Lrd,0.0031613341501160862
71,Origin State Abr Wy,0.0031193373329624725
72,Route Cle Lga,0.0031131643275119562
73,Dest State Abr Mi,0.0030804627847060445
74,Origin State Abr Md,0.0029966738511346992
75,Dest State Abr Mo,0.0029963943621279126
76,Route Mia Lga,0.002994830551654685
77,Origin State Abr Va,0.002989759293419234
78,Origin State Abr La,0.002967622511689883
79,Dest State Abr Wa,0.002955341439964758
80,Route Tus Ord,0.0029526807892049246
81,Origin State Abr Mn,0.0029295236835241143
82,Origin State Abr Ok,0.0029148056483372766
83,Origin State Abr Pr,0.002854550594695871
84,Dest State Abr Nc,0.002823984017820705
85,Route Tpa Las,0.0027831330331453286
86,Route Dfw Msp,0.0027246070627873105
87,Route Oak Phx,0.002708014005231197
88,Route Mci Mco,0.002695429751073819
89,Route Sju Ewr,0.0025920117779706956
90,Route Sit Jnu,0.002551909935985682
91,Dest State Abr Or,0.0023628828885500527
92,Origin State Abr Id,0.0023565933099502358
93,Route Las Phx,0.0023290881407722966
94,Origin State Abr Ar,0.0022981299451991124
95,Origin State Abr Nc,0.002248611787940133
96,Route Boi Den,0.0021338165601226663
97,Route Dfw Ord,0.0021230203194657917
98,Route Dtw Sea,0.002116510704404526
99,Route Den Atl,0.0020601758149307358
100,Route Ags Atl,0.001999939341223057
101,Route Boi Las,0.0019832453965943106
102,Route Fll Iah,0.0019737649802553684
103,Op Unique Carrier Yv,0.0018969184805436969
104,Op Unique Carrier As,0.0018450584593646836
105,Route Mke Dca,0.0018313267653757696
106,Origin State Abr Pa,0.0018179724368042917
107,Dest State Abr Hi,0.0017882800909156996
108,Route Smf San,0.0017230870103322575
109,Route Jfk Cle,0.0017167301101641036
110,Origin State Abr Oh,0.0016961348686742488
111,Route Cmh Msp,0.001659534818353694
112,Dest State Abr Pr,0.0016498321127345152
113,Dest State Abr La,0.0016392907055251974
114,Route Oak Bur,0.00160056108501222
115,Route Phx Sfo,0.0015592796897118757
116,Dest State Abr Md,0.0015584563028390552
117,Route Tul Den,0.001512083999553864
118,Route San Atl,0.001491453582094455
119,Dest State Abr Va,0.0014425465448273127
120,Route Iad Dfw,0.0014165342967675837
121,Route Bos Rdu,0.001403555349373742
122,Origin State Abr Nm,0.0013977828463437307
123,Route Lax Sfo,0.001336244662181144
124,Dest State Abr Pa,0.0013282682009308248
125,Route Bos Phl,0.0013052064589177872
126,Route Mia Iad,0.0012703103027920312
127,Dest State Abr Nv,0.0012458997869993398
128,Dest State Abr Ga,0.0012248746075286404
129,Route Dca Jfk,0.0012088507069618558
130,Route Jfk Lax,0.001195113474405414
131,Route Mco Mia,0.0011719556393599002
132,Route Den Ict,0.0011674392210331125
133,Dest State Abr Id,0.001146642171478147
134,Origin State Abr Ia,0.0011023675784542215
135,Op Unique Carrier Ev,0.0010883312968235322
136,Route Xna Ord,0.0010850947300993037
137,Route Slc Iad,0.0010165694884901374
138,Dest State Abr Tn,0.0009790770033449665
139,Route Den Phx,0.0009734312995082661
140,Route Sfo Dfw,0.0009537737180466162
141,Route Sfo Jfk,0.0009373189959030207
142,Route Jfk Atl,0.0009333153295756017
143,Route Msy Atl,0.0009278678213710859
144,Route Dfw Phx,0.000920621110625892
145,Route Bos Dtw,0.0009148093838830072
146,Route Sfo Den,0.0009088818479600603
147,Dest State Abr Ky,0.0009026333535137234
148,Route Las Ewr,0.0008954405700302059
149,Route Slc Iah,0.0008875374639524265
150,Route Mia Gsp,0.0008863874693444284
151,Route Cos Den,0.0008704223073432712
152,Route Lax Las,0.0008671447499148835
153,Route Crp Hou,0.0008388876437480212
154,Route Tpa Acy,0.0008343807294673338
155,Route Ase Ord,0.0008320942799532162
156,Dest State Abr Ks,0.0008261741598818817
157,Route Mci Mdw,0.0008193533805654078
158,Route Msp Jfk,0.000808740853516239
159,Route Atl Mia,0.0008069329658229653
160,Route Grr Ord,0.0007820404959196244
161,Route Lax Ewr,0.0007758736010513507
162,Route Den Sbp,0.0007751186082128543
163,Route Atl Rsw,0.0007746382840612043
164,Route Lax Bos,0.0007694866595382732
165,Route Eyw Ord,0.0007687760217279918
166,Route Bna Dfw,0.0007617089702178102
167,Route Anc Fai,0.0007571344595429518
168,Route Buf Mdw,0.0007445245586392634
169,Route Lax Slc,0.0007309279451627287
170,Route Ewr San,0.000723472804054352
171,Route Lih Hnl,0.000718412238020043
172,Route Las Cle,0.0007101869288795955
173,Origin State Abr Wi,0.0006907935250313231
174,Route Sfo Iah,0.0006859652263538998
175,Route Dfw Swo,0.0006825937862009193
176,Route Dtw Mci,0.0006780588058569888
177,Route Slc Sfo,0.0006754968737452199
178,Route Lit Den,0.0006743301692888169
179,Route Stl Atl,0.0006708351624254182
180,Route Sbp Den,0.0006667364781681035
181,Route Mia Atl,0.000659787598928576
182,Origin State Abr Vi,0.0006579576562898289
183,Route Atl Atw,0.0006418686376218611
184,Route Tys Den,0.0006352714222600826
185,Route Dro Den,0.0006348328653120982
186,Route Acv Sfo,0.0006247674141598279
187,Route Ord Bzn,0.0006245644120960649
188,Route Stt Mia,0.0006232252184072341
189,Route Sna Ewr,0.0006150703701887674
190,Route Iad Bdl,0.0006126711980046523
191,Route Tul Dal,0.0006100180782685651
192,Route Mia Jfk,0.0006027205277355287
193,Route Cle Mdw,0.0005985454743154657
194,Route Row Dfw,0.0005948820419742206
195,Origin State Abr Al,0.0005938574216406165
196,Route Las Dfw,0.0005893034761892285
197,Route Phx Mia,0.0005861769298687778
198,Route Sat Phx,0.0005786166061648497
199,Route Mia Pns,0.0005721138794767795
200,Route Cou Ord,0.0005703298809257481
201,Route Phx Slc,0.0005640953201250338
202,Route Abi Dfw,0.0005549045859281845
203,Route Dfw Mke,0.0005542902792982794
204,Route Fsd Dfw,0.0005481369336290933
205,Origin State Abr Tt,0.000548107290641236
206,Route Iah Jfk,0.0005474295699969558
207,Route Dfw Dca,0.000539859926783236
208,Route Pwm Atl,0.0005364276883596292
209,Route Bos Fll,0.0005333418714261339
210,Route Mfr Slc,0.0005331396815663467
211,Route Dca Den,0.0005294894441768148
212,Route Dfw Msy,0.0005268386732558771
213,Route Lbb Dal,0.0005211949858728088
214,Route Bur Sjc,0.0005203755199516428
215,Route Dtw Ord,0.0005179183350272256
216,Route Dfw Lax,0.0005052275643238313
217,Route Sea Slc,0.0005019514212925307
218,Route Ont Sea,0.0005019085555754274
219,Route Ict Den,0.0004978156164701112
220,Route Atl Lga,0.0004945324497340848
221,Route Dfw Sjt,0.0004886352786693701
222,Route Smf Ord,0.00048729933006930827
223,Route Pvd Mdw,0.0004829788537672935
224,Route Hnl Lih,0.00047661251224644617
225,Route Bur Oak,0.00047510722639975626
226,Route Iah Sfo,0.00047361633301528007
227,Route Dfw Fll,0.0004657097353553982
228,Route Dab Atl,0.00046540679911167356
229,Route Bna Atl,0.00046256911359308613
230,Route Lax Ord,0.00045842365598204566
231,Route Fll Phx,0.0004556023698291856
232,Route Slc Gjt,0.0004537609904364484
233,Route Psc Slc,0.00045314549689620166
234,Route Cid Den,0.0004515063635600058
235,Route Mht Dca,0.00045102065664722016
236,Route Den Fsd,0.0004505688536470149
237,Route Msp Boi,0.0004498852726059275
238,Route Fat Phx,0.0004496110943254729
239,Route Chs Phl,0.0004458929602877356
240,Route Alb Ord,0.0004445415795612973
241,Route Dfw Mia,0.00044416270644039176
242,Route Grr Dfw,0.00044353273202325203
243,Route Ord Rsw,0.0004372142836298807
244,Route Bur Smf,0.00043627365799051666
245,Dest State Abr Oh,0.000435686608534352
246,Route Ord Rdu,0.0004352648742734984
247,Route Ord Pbi,0.0004347414241065087
248,Route Rsw Iad,0.0004345113686646562
249,Origin State Abr Mi,0.0004342183198835696
250,Route Rno Las,0.0004338877767543222
251,Route Pvu Aza,0.0004253742118748269
252,Route Stt Atl,0.00042337131157187206
253,Route Pns Atl,0.00042292666131316987
254,Route Tus Dfw,0.0004227031509709633
255,Route Sea Sfo,0.000421525479029923
256,Route Atl Jfk,0.0004143041450371134
257,Route Sea Iah,0.0004140719376561439
258,Route Cos Dal,0.00041394473879329354
259,Route Ord Cle,0.0004132668984522119
260,Dest State Abr Ok,0.00041196196544135725
261,Route Sfo Rno,0.0004062900398432134
262,Route Dfw Boi,0.000405245398063622
263,Route Sat Dal,0.0004051815221692071
264,Route Rdu Bna,0.00040505797006259303
265,Route Rsw Lga,0.000401477424050204
266,Route Pbi Ewr,0.0004005163256144677
267,Route Abq Mdw,0.00039978510207018173
268,Route Mia Stx,0.00039850304040617095
269,Route Las Sfo,0.0003979342109314067
270,Route Dca Mia,0.00039279933065873297
271,Route Mem Hou,0.00039279207887270133
272,Route Iah Aus,0.00039166663643803605
273,Route Hnl San,0.00039155503292478565
274,Route Den Lga,0.0003911698320524439
275,Route Las Bzn,0.0003909183889052208
276,Route Iah Lga,0.00039034804764648924
277,Route Den Rsw,0.00038974077413160454
278,Route Den Bil,0.00038845261297183075
279,Route Clt Dca,0.0003883351800651058
280,Route Srq Ord,0.0003877469810416558
281,Route Fll Lga,0.0003871274076273199
282,Route Tpa Cmh,0.00038623736965744365
283,Route Sfo Boi,0.00038602470104962883
284,Route Avp Ord,0.00038163678880496555
285,Origin State Abr Sc,0.0003811329023895561
286,Route Lax Atl,0.0003803689402174921
287,Route Hou Sjc,0.0003802493574726053
288,Origin State Abr Me,0.00037947320612788973
289,Route Phx Msp,0.00037696601568180683
290,Route Mke Ord,0.00037639490204067436
291,Route Msy Las,0.00037612789317627293
292,Route Dtw Atl,0.00037531705119036614
293,Route Sav Dfw,0.0003751022485783706
294,Route Buf Bwi,0.00037403380594997984
295,Dest State Abr Wv,0.00037102644766732123
296,Route Ewr Pbi,0.0003698722698993754
297,Route Lih Sjc,0.00036927998000353804
298,Route Sna Slc,0.0003680238402381918
299,Route Aus Hrl,0.000367406792469641
300,Route Gum Spn,0.00036634553037687866
301,Route Sba Sfo,0.0003659972776933397
302,Origin State Abr Ct,0.00036518889557461166
303,Route Sea Dfw,0.00036465133919930446
304,Route Anc Den,0.00036360261170509633
305,Route Boi Sea,0.0003625593971706975
306,Route Chs Lga,0.0003603350562580567
307,Route Sat Den,0.000360246231263225
308,Route Gri Dfw,0.000360016851256498
309,Route Cvg Dca,0.00035933862741744234
310,Route Isp Mco,0.00035826968579931554
311,Dest State Abr Nm,0.00035693954985108254
312,Route Clt Fll,0.0003566439773154893
313,Route Atl Sea,0.0003563284056625577
314,Route Pdx Lax,0.0003553709535415002
315,Route Phx Gjt,0.00035419099764398635
316,Route Sfo Bur,0.0003539272885720304
317,Route Bfl Dfw,0.0003535341674403138
318,Route San Ord,0.0003512348655677806
319,Route Den Bwi,0.00035116135157118645
320,Route Clt Bwi,0.00035044268556946824
321,Route Mem Iah,0.0003501414686807366
322,Route Slc Eug,0.0003470958471972458
323,Route Mhk Ord,0.0003467252178248712
324,Route Lax Fll,0.0003447620717431409
325,Route Elp Phx,0.0003439964622260187
326,Route Sjc San,0.0003429899909009472
327,Route Dfw Pbi,0.00034147135802033
328,Route Gsp Atl,0.00034101418443270056
329,Route Tul Stl,0.00034037562964254976
330,Route Bos Ord,0.0003377518679946311
331,Route Azo Dtw,0.0003371705218280689
332,Route Las Abq,0.0003370420252029282
333,Route Ewr Fll,0.00033700371925269706
334,Route Pbi Ord,0.00033596637866715095
335,Route Las Fat,0.00033499449204234613
336,Route Las Bur,0.0003349866651268525
337,Route Pbi Bdl,0.00033149283664487585
338,Route Lax Aus,0.0003314535334960213
339,Route Phx Fll,0.00033080399841492334
340,Route Dtw Den,0.00032842772838290743
341,Route Aus Stl,0.0003258007388859509
342,Route Ord Mco,0.0003257766814948461
343,Route Fll Ind,0.0003257379765192023
344,Route Msn Dca,0.00032525278640426066
345,Route Sfo Lax,0.00032513160369658224
346,Route Btv Dca,0.0003243267204104411
347,Route Cak Clt,0.0003231788865771298
348,Route Abq Dfw,0.00032316889238843185
349,Route Sea Bos,0.0003221983184524302
350,Route Cle Mco,0.0003209541419942735
351,Route Dtw Rdu,0.0003209400909077251
352,Route Ord Rap,0.0003207846648105435
353,Route Mem Mdw,0.0003204581145251043
354,Route Jfk Sfo,0.00032040708388991713
355,Route Jfk Tpa,0.0003192985156153519
356,Route Mco Las,0.0003187836679233578
357,Route Den Dfw,0.00031833726216355624
358,Route Den Mci,0.000315646063412307
359,Route Dfw Oma,0.00031541383837629337
360,Route Den Mry,0.00031491776929021666
361,Route Fll Dfw,0.0003145483168358187
362,Route Hnl Ito,0.00031393910677243026
363,Route Psp Sea,0.00031335602925529343
364,Route Ord Boi,0.00031298001865203334
365,Route Den Fll,0.00031253596686769963
366,Route Fat Las,0.00031220076688689784
367,Route Sjc Sna,0.0003121332550250287
368,Route Ewr Eyw,0.00031049322545418517
369,Route Fll Rdu,0.00031022616244046736
370,Route Sfo Acv,0.0003098227575299241
371,Route Cvg Ord,0.0003095400493675612
372,Route Bwi Ord,0.00030948279065926395
373,Route Slc Phx,0.0003086473002040173
374,Route Bhm Atl,0.00030812016794662324
375,Route Sju Dfw,0.0003062412571823571
376,Route Sea Jfk,0.0003052686663618536
377,Route Atl Okc,0.00030524413089756057
378,Origin State Abr Sd,0.0003037800800078373
379,Route Pns Dfw,0.0003020281519165561
380,Route Clt Mco,0.0003011485789080902
381,Route Dal Smf,0.00029684535053696654
382,Route Pns Clt,0.0002967085293758965
383,Origin State Abr Nv,0.00029663486585604376
384,Route Rdu Mia,0.0002945257509014073
385,Route Msp Mci,0.00029441486329574756
386,Route Dtw Clt,0.0002939244051906487
387,Route Mco Jfk,0.00029289058081662404
388,Route Atl Hsv,0.0002916870553136144
389,Route Roc Dca,0.00029122075222505337
390,Route Iah Dfw,0.0002894912490610362
391,Route Sea Rdm,0.00028850828220629033
392,Route Mco Bhm,0.00028672272098441626
393,Route Cha Dfw,0.0002859073117028242
394,Route Geg San,0.00028538860451239107
395,Route Ord Gso,0.0002846629488939614
396,Route Den Syr,0.000284522875198168
397,Route Sea Fai,0.00028388681196614386
398,Route Rno Sfo,0.0002838311546822868
399,Origin State Abr Ne,0.00028364336738159095
400,Route Dro Dfw,0.00028334295529903526
401,Route Den Lit,0.0002828064914118188
402,Route Dfw Elp,0.00028254951182223346
403,Route Phl Msy,0.0002819773954060467
404,Route Pdx Sea,0.0002791992755168583
405,Route Aus Hou,0.0002788792520809337
406,Route Lga Ord,0.00027811240197338157
407,Route Dfw Smf,0.0002770536037483421
408,Route Dfw Jfk,0.0002764568778711147
409,Route Sjc Sea,0.0002761040098471309
410,Route Atl Fll,0.00027443907631146856
411,Route Bna Ord,0.0002741124902609106
412,Route Las Mdw,0.0002726682147570664
413,Route Ord Crw,0.00027181703996207807
414,Route Msp Fwa,0.00027176674551837815
415,Route Las Den,0.0002698327302607084
416,Route Lax Mco,0.00026949203314690994
417,Route Atl Mco,0.0002692509491983015
418,Route Aus Dfw,0.0002687760782884849
419,Route Pdx Sjc,0.0002687331024346469
420,Route Iah Tpa,0.0002684654565221634
421,Route Hnl Sfo,0.00026822606592327204
422,Route Fwa Dfw,0.00026754675500039235
423,Route Lih Lax,0.0002664131598976546
424,Route Aus Rdu,0.0002661369950536156
425,Dest State Abr Al,0.000265799393208273
426,Route Ewr Mco,0.00026486716159803135
427,Dest State Abr Tt,0.00026399264991070474
428,Route Pdx Hnl,0.00026385834713668437
429,Route Den Tys,0.0002634378506264481
430,Route Sat Bna,0.00026276198754947695
431,Route Phx Psp,0.00026274218948644194
432,Route Rdu Aus,0.00026091506263828694
433,Origin State Abr Ri,0.00025994364580652854
434,Route Atl Ord,0.0002597703925791988
435,Route Msp Grr,0.00025961022277768493
436,Route Dfw Tus,0.00025804575886670704
437,Route Dca Dtw,0.0002572692427776604
438,Route Tpa Sju,0.0002570659891331151
439,Route Pit Lga,0.00025668049554619947
440,Route Mco Pvd,0.0002563000392426566
441,Route Bdl Dca,0.0002546752880523237
442,Route Las Cos,0.00025306311234561126
443,Route Iah Iad,0.00025303195101802396
444,Route Bna Mke,0.00025211441454706617
445,Route Phx Sbp,0.0002518851744214415
446,Route Msy Bos,0.00025143506306616085
447,Route Msp Ewr,0.00025043186393973617
448,Route Fll Bqn,0.0002497664650363001
449,Route Phx Dtw,0.0002492885324618358
450,Route Fll Bwi,0.0002492235462835066
451,Route Msp Ind,0.00024817077765362187
452,Route Fll Alb,0.00024771775748103975
453,Route Cvg Phl,0.00024729811849750387
454,Route Dtw Ewr,0.00024209056254989068
455,Route Phl Atl,0.00024113094573909247
456,Route Sea Mia,0.00023920634301182164
457,Route Lgb Smf,0.00023876291267573994
458,Route Sfo Phl,0.00023792966931598128
459,Origin State Abr Ks,0.00023523661316325633
460,Route Rno Den,0.0002352151076994888
461,Route Mco Lax,0.00023485038864970426
462,Route Lga Mia,0.000234560732652723
463,Route Den Mia,0.0002313863225669964
464,Route Dca Las,0.00023086487133760166
465,Route Mco Iah,0.00023037403063559114
466,Route Bwi Dtw,0.00022922415576544786
467,Route Dal Hou,0.0002288426638226066
468,Route Fll Lax,0.00022759858478673854
469,Route Phx Tul,0.00022715587306552427
470,Route Jfk Msy,0.0002255752638378496
471,Route Chs Bos,0.00022517555396202326
472,Route Mdw Aus,0.0002251577546410501
473,Route Sfo Sna,0.00022268530938053782
474,Route Slc Smf,0.00022220004201410057
475,Route Atl Buf,0.0002216422434951535
476,Route Dca Pns,0.00022163421412833443
477,Route Jax Lga,0.00022134284728726975
478,Route Sbp San,0.00022108771709160226
479,Route Iah Fll,0.00021951064057064258
480,Route Gso Ord,0.00021893282002404912
481,Route Phx Dfw,0.00021848126290368694
482,Route Ric Mco,0.0002182957650629175
483,Route Sfo San,0.00021797595352814576
484,Route Bzn Lax,0.00021762894554827557
485,Route Mco Bos,0.000217562830201531
486,Route Aex Dfw,0.00021673100215752666
487,Route Phl Dtw,0.00021663663578314386
488,Route Fll Phl,0.00021500194161196175
489,Route Dtw Ric,0.00021295032979747248
490,Route Psp Ord,0.00021278601710143276
491,Route Sju Mia,0.0002120980028131116
492,Route Den Las,0.00021207598288999275
493,Route Slc San,0.00021113329023334575
494,Route Cae Ord,0.00021095268987923136
495,Route Hou San,0.0002108733568508663
496,Route Dfw Mfe,0.00021076535356111777
497,Origin State Abr Mo,0.00021050062347459158
498,Route Den Sea,0.00020949988560939943
499,Route San Rno,0.000209422325343513
500,Route Atl Tpa,0.000209124873438057
501,Route Lgb Phx,0.00020834210763344163
502,Route Stl Mco,0.0002073719767137138
503,Route Mke Rsw,0.00020625669499427026
504,Route Iad Lax,0.0002058935719228987
505,Route Elp Ord,0.00020537429053345312
506,Route Ewr Atl,0.00020510069841697218
507,Origin State Abr Mt,0.00020447236571737452
508,Route Ewr Syr,0.000203039225900812
509,Route San Las,0.00020227636567432465
510,Route Atl Cid,0.00020206283813067695
511,Route Dca Stl,0.0002010941165544481
512,Route Den Dca,0.00019968550701677092
513,Route Pvd Mco,0.0001993509868276942
514,Route Sdf Ord,0.00019915412460137308
515,Route Bos Tpa,0.00019853714960420046
516,Route Phx Hou,0.00019696651405263005
517,Route Atl Jax,0.00019692661013453363
518,Route Ord Lga,0.00019621202504706633
519,Route Atl Pbi,0.0001959180384354752
520,Route Den Tul,0.00019547162101818074
521,Route Bos Den,0.00019500493026915528
522,Route Lga Atl,0.00019436348613216775
523,Route Fll Bna,0.00019242471403275546
524,Route Clt Jax,0.000191861465721745
525,Route Fll Bos,0.00019177714547801894
526,Route Chs Dfw,0.00019103932136555436
527,Route Clt Sgf,0.0001909158370489003
528,Route Sbn Msp,0.00019057694411062307
529,Route Ord Lit,0.00019023960712490428
530,Dest State Abr In,0.0001896927493926697
531,Route Lax Phx,0.00018962771196595737
532,Route Dfw Abi,0.00018961068036719162
533,Route Ewr Den,0.00018872014993317023
534,Route Buf Ord,0.00018833273119108285
535,Route Sea Phx,0.00018722064244394528
536,Route Bna Sav,0.00018588925671951368
537,Route Atl Pit,0.00018574864184005003
538,Route Msp Sfo,0.00018518547295775131
539,Route Ewr Msy,0.00018482627095388834
540,Route Atl Ewr,0.0001813157503418746
541,Route Bwi Msy,0.0001807920926681492
542,Route Den Jfk,0.00018075173167275308
543,Route Aus Jfk,0.0001799504528800988
544,Route Mia Phl,0.0001799232886181211
545,Route Mco Bdl,0.00017981610843920723
546,Route Ord Sfo,0.00017961042258684718
547,Route Tpa Cle,0.00017803863754230537
548,Route Aus Atl,0.0001780021073660375
549,Route Lax Boi,0.00017749323056618496
550,Route Rsw Msp,0.00017722127264837185
551,Route Mco Dtw,0.00017629848702514731
552,Route Jax Dfw,0.00017607210827269644
553,Route Dfw Bur,0.0001750652372330718
554,Route Mia Iah,0.00017342624341372675
555,Route Msn Lga,0.0001730387584832774
556,Route Atl Bhm,0.00017208897679381872
557,Route Atl Bos,0.00017182649300471198
558,Route Hpn Clt,0.0001715548200495632
559,Route Dlh Msp,0.00017106443538282245
560,Route Jax Bwi,0.00017103047660657397
561,Route Hnl Ogg,0.00017016752767186943
562,Route Avl Pie,0.00017002151400888994
563,Route Iad Bna,0.00016993087832434936
564,Route Clt Den,0.00016935507510229856
565,Route Okc Slc,0.00016924247085254638
566,Route Rdm Sea,0.00016916601480003267
567,Route Den Aus,0.000169120172247977
568,Route Clt Sav,0.00016911942162282624
569,Route Mco Ewr,0.0001680607426703611
570,Route Tpa Dfw,0.00016794240464221134
571,Route Boi Lax,0.00016788735316535175
572,Route Atl Dca,0.00016755415143287632
573,Route Pdx Slc,0.00016736407743730218
574,Origin State Abr Vt,0.00016733526181538497
575,Route Ewr Sfo,0.00016712137345567042
576,Route Ewr Mia,0.00016668474064879724
577,Route Mco Sju,0.00016640738203497942
578,Dest State Abr Wi,0.0001647894634685265
579,Route Ord Far,0.00016452597085067226
580,Route Day Clt,0.00016393073799467284
581,Route Rdu Clt,0.00016313792864213522
582,Route San Mdw,0.00016226254528309536
583,Dest State Abr Nd,0.00016121742626190434
584,Route Bdl Ord,0.00016094852659200736
585,Route Ewr Clt,0.00016090994161534512
586,Route Hrl Dfw,0.0001605736337620408
587,Route Sea Den,0.00015911044087621638
588,Route Msp Msy,0.0001589671918835917
589,Route Pdx Smf,0.00015852344751048718
590,Route Jfk Dfw,0.00015839964469072315
591,Route Dfw Iah,0.00015835122875843528
592,Route Ord Xna,0.00015816044558205334
593,Route Fll Ord,0.0001580028957258389
594,Route Dtw San,0.00015750055062190623
595,Route Tpa Bwi,0.00015682876656577925
596,Route Dal Tpa,0.0001565682534197214
597,Route Mco Grr,0.00015634671486265382
598,Route Las Lax,0.00015633815537432032
599,Route Ord Ind,0.00015616206578833005
600,Route Rsw Bwi,0.0001555085610940035
601,Route Sat Mco,0.00015514232999605193
602,Route Cle Lax,0.00015498413107445865
603,Route Dfw Ase,0.00015420846719788379
604,Route Ord Cvg,0.00015392617400654905
605,Route Phx Mco,0.000153653037029262
606,Route Den Abq,0.00015314602012349226
607,Route Clt Buf,0.00015278276432595844
608,Route Bhm Dfw,0.000152511974136391
609,Route Bna Dca,0.0001515601506879218
610,Route Clt Iah,0.00015137809256001645
611,Route Dca Ecp,0.00015119423717128915
612,Route Dca Btv,0.0001510729210492895
613,Route Rdu Fll,0.00015056158052600746
614,Route Ont Den,0.00014927087894984415
615,Dest State Abr Ar,0.00014907584933995568
616,Route Ord Ict,0.0001488437050213525
617,Route Phx Sat,0.0001484929371312317
618,Route Fll Clt,0.000148339503702211
619,Route Slc Bos,0.00014770150321224157
620,Route Sna Sea,0.00014764980007136495
621,Dest State Abr Sc,0.0001476253304491437
622,Route Lga Den,0.00014735129934615793
623,Route Ord Grr,0.00014634664191852867
624,Route Den Lnk,0.00014629557867604326
625,Route Las Dtw,0.0001462567796267945
626,Route Den Ama,0.00014590751436796507
627,Route Tpa Iah,0.0001455896737331413
628,Route Aus Den,0.00014519800091431794
629,Route Clt Grr,0.0001447535236171467
630,Route Jfk Bos,0.00014337655382705872
631,Route Lax Ogg,0.00014328559250779082
632,Route Alb Mco,0.00014310300417992445
633,Route Ord Den,0.00014162642637108072
634,Route Iah San,0.00014091120129290104
635,Route Mdw Oma,0.00013994594116036922
636,Route Phx Atl,0.00013948184405929547
637,Route Lax Den,0.0001393846447597919
638,Route Dtw Dca,0.0001381373382821714
639,Route Den Ord,0.0001375920233511449
640,Route Mem Clt,0.00013640631116185496
641,Route Buf Mco,0.000135878241720013
642,Route Phl Eyw,0.00013531592172377692
643,Route Phx Eug,0.00013495499396105735
644,Route Msy Den,0.00013442959208912958
645,Route Clt Aus,0.00013441519433347
646,Route Jfk Las,0.00013433692182640572
647,Route Ind Mco,0.0001340088765277762
648,Route Bos Sju,0.0001323302495187589
649,Route Lnk Den,0.00013209218125775332
650,Route Psp Phx,0.00013133704382427245
651,Route Clt Pns,0.0001312113797333702
652,Route Cmh Mco,0.00013076463523475974
653,Route Dtw Rsw,0.00012983373007455503
654,Route Chs Fll,0.00012945924760439075
655,Route Phx Yum,0.00012905284175673902
656,Route Mco Slc,0.00012831984247385086
657,Route Jfk Rdu,0.00012829853577422612
658,Route Phx Lax,0.00012818310253825626
659,Route Lga Cae,0.00012799183251767626
660,Route Mco Sdf,0.00012796640173009068
661,Route Clt Sat,0.00012793323565933815
662,Route Las San,0.00012792157046485984
663,Route Dfw Ogg,0.00012790635109496162
664,Route Stl Ict,0.00012467059494590484
665,Route Ind Bos,0.0001246572775843167
666,Route Mco Cvg,0.0001245205616340592
667,Route Ewr Ord,0.00012433329477355622
668,Route Bhm Dtw,0.00012386070839517918
669,Route Lax Rdu,0.0001236763295223492
670,Route Smf Geg,0.00012237558305003496
671,Route Cle Dca,0.00012218552015318224
672,Route Mia Dca,0.00012166924871951706
673,Route Den Clt,0.00012150572784334677
674,Route Mco Bna,0.00012094661972928113
675,Route Jfk Dca,0.00012051080196740464
676,Route Syr Clt,0.00012043163900112523
677,Route Iad Atl,0.00012039751345779899
678,Route Sju Phl,0.0001202874033445205
679,Route Pvd Clt,0.00011949095153304681
680,Route Smf Den,0.00011901941618715139
681,Dest State Abr Vi,0.00011853516697845034
682,Route Mia Ewr,0.0001168558294577656
683,Origin State Abr Ky,0.00011611536390168787
684,Route Cvg Sfb,0.00011570902117861907
685,Route Dca Iah,0.00011558137426218596
686,Route Dca Dal,0.00011517619267406156
687,Route Ktn Sea,0.00011510968308288546
688,Route Oma Dca,0.00011488277242460685
689,Route Clt Avl,0.00011472934620359644
690,Route Lax Clt,0.00011459989219668043
691,Route Ord Smf,0.00011340045211269107
692,Route Sjc Rno,0.00011239976069480293
693,Route Bwi Jax,0.00011237764358867466
694,Route Rsw Ewr,0.00011235492740798927
695,Route Atl Slc,0.00011193864973221276
696,Route Dca Dfw,0.00010999403294848241
697,Dest State Abr Wy,0.00010977079507257061
698,Route Den Grr,0.00010959433223138948
699,Route Iah Sna,0.00010947067004791698
700,Route Cle Phx,0.00010939215774956158
701,Route Orf Mia,0.00010905438058008976
702,Route Phl Sav,0.00010825963209621683
703,Route Mdw Msy,0.0001081610163230275
704,Route Atl Msp,0.00010760349563644427
705,Route Den Mke,0.00010660549276307356
706,Route Dal Elp,0.00010634315854542391
707,Route Bos Msp,0.00010611393314032797
708,Route Bwi Fll,0.00010585131026225752
709,Route Dal Mci,0.00010571577912201629
710,Route Rsw Dca,0.00010569031205152779
711,Route Rsw Cmh,0.00010563313077854955
712,Route Sea Dtw,0.00010446767363871331
713,Route Bos Dca,0.0001043112716059939
714,Route Den Sat,0.00010409345204205856
715,Route Dca Atl,0.00010379540949129893
716,Route Sea Sbp,0.00010291472106568494
717,Route Sju Bos,0.00010205586408647433
718,Route Lax Mci,0.0001017953299255531
719,Route Ont Phx,0.00010164506425410436
720,Dest State Abr Ct,0.00010154174460202898
721,Route San Smf,0.00010120903253677094
722,Route Msy Aus,0.00010084723168111761
723,Route Ewr Lax,0.00010074513550230798
724,Route Tpa Bos,0.00010063027611696363
725,Route Ord Lax,0.00010030621738779242
726,Route Mco Dca,0.00010009455166449225
727,Route Rno Sea,9.999204603049345e-05
728,Route Mia Stl,9.969810069873932e-05
729,Route Ord Iad,9.945488699172838e-05
730,Route Clt Xna,9.931665937152656e-05
731,Route Ord Pdx,9.891649297548843e-05
732,Route Alb Clt,9.876091809485563e-05
733,Route Aus Mco,9.859003163302063e-05
734,Route Smf Slc,9.816939734486301e-05
735,Route Abq Phx,9.799734572488653e-05
736,Route Smf Phx,9.781166013421635e-05
737,Route Sea Mso,9.775309364621018e-05
738,Route Dca Msy,9.764955866249081e-05
739,Dest State Abr Ak,9.69034515580336e-05
740,Route Ord Bna,9.610960434965877e-05
741,Route Atl Cvg,9.54217634070388e-05
742,Route Ord Grb,9.441574304324081e-05
743,Dest State Abr Ne,9.417936858875717e-05
744,Route Iad Sea,9.381474458717643e-05
745,Route Psc Sea,9.310073914076484e-05
746,Route Tlh Dfw,9.297288232286464e-05
747,Route Clt Lga,9.274903618094855e-05
748,Route Iad Rsw,9.184734273332659e-05
749,Route Tul Phx,9.143414429280026e-05
750,Route Lga Clt,9.143225534353236e-05
751,Route Stl Dca,9.04707752883172e-05
752,Route Den Dal,9.027624450528956e-05
753,Route Mia Den,9.009444600995595e-05
754,Route Mci Den,8.940550872802209e-05
755,Route Sba Phx,8.912786334853767e-05
756,Route Msy Ord,8.889455839201648e-05
757,Dest State Abr Ri,8.813980721256151e-05
758,Route Lga Dal,8.785407393156237e-05
759,Route Ewr Cle,8.666018117982551e-05
760,Route Cvg Atl,8.642597565092126e-05
761,Route Sea Lax,8.629333191181388e-05
762,Route Iah Ord,8.620598960032866e-05
763,Route Pit Rdu,8.605511046843654e-05
764,Route Pit Ewr,8.58020203303263e-05
765,Route Tpa Jfk,8.533721043193216e-05
766,Route Mem Dtw,8.524776197572071e-05
767,Route Clt Jfk,8.436486355259412e-05
768,Route Clt Phx,8.422145555945656e-05
769,Route San Mco,8.348069962361232e-05
770,Route Clt Msy,8.313729527293252e-05
771,Route Dtw Slc,8.12121235212674e-05
772,Route Dca Mco,8.105710463877234e-05
773,Route Mdw Phx,8.075929709439962e-05
774,Route Den Fat,8.06954347334864e-05
775,Route Orf Den,8.022782618224538e-05
776,Route Clt Cid,8.0184314205533e-05
777,Route Rsw Dfw,7.873183067364645e-05
778,Route Sna Smf,7.865330193851089e-05
779,Route Iad Lga,7.860722853069938e-05
780,Route Koa Hnl,7.818246894997818e-05
781,Route Den Sjc,7.783128158431276e-05
782,Route Bna Clt,7.7259518522835e-05
783,Route Dal Dca,7.72035698439646e-05
784,Route Mem Atl,7.703608744995659e-05
785,Route Oma Iah,7.67873771986765e-05
786,Route Dfw Grk,7.615507061914771e-05
787,Route Mco Ord,7.546054217028368e-05
788,Route Ord Atw,7.521082730210985e-05
789,Route Ont Las,7.476817727893811e-05
790,Route Pit Dtw,7.462787081793835e-05
791,Route Dal Mia,7.345265836046327e-05
792,Route Bdl Pbi,7.321887718129334e-05
793,Route Bos Lga,7.305012053423239e-05
794,Route Mco Hpn,7.281580100460782e-05
795,Route Atl Rdu,7.272201319201718e-05
796,Route Rdu Mco,7.22654199150191e-05
797,Origin State Abr Tn,7.196451241112437e-05
798,Route Oak San,7.131030645647262e-05
799,Route Las Cvg,7.076436340628606e-05
800,Route Clt Stl,7.070784195845776e-05
801,Route Atl Aus,7.053178905798137e-05
802,Route Dfw Mgm,7.032496591659733e-05
803,Route Cmh Dfw,6.990974865844765e-05
804,Route Mdw Bna,6.937402603019982e-05
805,Dest State Abr Vt,6.935736972313502e-05
806,Route Lax Hnl,6.915214213166077e-05
807,Dest State Abr Mt,6.877748680190168e-05
808,Route Atl Ind,6.869145567999898e-05
809,Route Den Oma,6.850365980346136e-05
810,Route Atl Den,6.834754260182895e-05
811,Route Atl Chs,6.827119780627746e-05
812,Route Mco Phx,6.805052377792045e-05
813,Route Ord Cmh,6.784903982958193e-05
814,Route Phl Mia,6.697278938858828e-05
815,Route Mdw Atl,6.66911705068177e-05
816,Route Mke Stl,6.660832151850462e-05
817,Route Bwi Aus,6.574887671001994e-05
818,Route Bwi Rsw,6.560872841115255e-05
819,Route Mdw Las,6.525667539265521e-05
820,Route Ord Clt,6.474623760155741e-05
821,Route Geg Sea,6.462539264947012e-05
822,Route Clt Mke,6.439392747392269e-05
823,Route Den Mfr,6.435897401034908e-05
824,Route Phl Den,6.431628130938052e-05
825,Route Sts San,6.3905333595666e-05
826,Route Phx Pdx,6.376494489535642e-05
827,Route Msp Tpa,6.348491847344918e-05
828,Route Ict Ord,6.318919862539377e-05
829,Route Pit Sea,6.312753036237009e-05
830,Route Clt Srq,6.210340880329593e-05
831,Route Mia Dfw,6.192597031997731e-05
832,Route Dfw Btr,6.1861982989115e-05
833,Route Den Prc,6.170980798936613e-05
834,Route Aus Phx,6.139179527553951e-05
835,Route Phx Elp,6.094677804097873e-05
836,Route Cos Dfw,6.090356420205116e-05
837,Route Lgb Las,6.04703433363639e-05
838,Route Abq Dal,6.038456643895051e-05
839,Route Ord Syr,6.0143899219177936e-05
840,Route Phx Sna,6.009704154213985e-05
841,Route Hou Hrl,5.971710415796901e-05
842,Route Aus Abq,5.954535283897878e-05
843,Route Lbb Dfw,5.9517922099509974e-05
844,Route Koa Ogg,5.922566853882741e-05
845,Route Dca Fll,5.863458714236507e-05
846,Route Ord Phl,5.862320206141678e-05
847,Route Phx Cvg,5.748763761360673e-05
848,Route Orf Clt,5.593548339394492e-05
849,Route Dtw Cle,5.566308837655829e-05
850,Route Phl Jax,5.562040132981009e-05
851,Route Lga Cmh,5.554410806377096e-05
852,Route Dfw Bhm,5.5234412123043625e-05
853,Dest State Abr Mn,5.480567030043036e-05
854,Route Bos Rsw,5.4731494742013404e-05
855,Route Den Sav,5.4425925947476904e-05
856,Origin State Abr In,5.410919123831194e-05
857,Route Bur Phx,5.373438551593711e-05
858,Route Bos Cvg,5.34813527628324e-05
859,Route Ord Cmx,5.26269790217577e-05
860,Route Bzn Atl,5.176263093226454e-05
861,Route Ord Dtw,5.1694485818326774e-05
862,Route Ord Aus,5.1169253994094783e-05
863,Route Den Dro,5.0758252234931087e-05
864,Route Rdu Stl,5.073353349632665e-05
865,Route Clt Cle,4.974807489586336e-05
866,Route Sea Smf,4.9653023719329676e-05
867,Route Tpa Lga,4.9642328022103413e-05
868,Route Oma Las,4.9338142016045714e-05
869,Route Gcc Den,4.8767218350780086e-05
870,Route Cle Mia,4.867371802102375e-05
871,Route Bos Jfk,4.857161339376831e-05
872,Route Lex Clt,4.8452472629527044e-05
873,Route Den Smf,4.707004995176547e-05
874,Route Hou Sat,4.685433073478644e-05
875,Route Mco Den,4.641985521842489e-05
876,Route Ord Dca,4.538178596212285e-05
877,Route Lax Oak,4.5020731478798376e-05
878,Route Den Psc,4.4832478874914366e-05
879,Origin State Abr Nd,4.480442367367226e-05
880,Route Grr Mco,4.470519268016187e-05
881,Route Pdx Ord,4.465263639900238e-05
882,Route Mdw Stl,4.463842540993025e-05
883,Route Aus Sfo,4.4636931552639576e-05
884,Route Sfb Avl,4.448890067179834e-05
885,Route Lit Clt,4.37632996368954e-05
886,Route Geg Phx,4.3141197285668825e-05
887,Route Pdx Dfw,4.2534668194033656e-05
888,Route Mia Aus,4.239975598286754e-05
889,Route Msp Den,4.178108613537439e-05
890,Route Dtw Bos,4.127814007954835e-05
891,Route San Den,4.081271700421017e-05
892,Route Msp Aus,4.0724720277188504e-05
893,Route Sea Ktn,4.049233591876643e-05
894,Route Sat Atl,3.969027401342739e-05
895,Route Stl Las,3.955517685161974e-05
896,Route Pbi Bos,3.8680276120919724e-05
897,Route Bzn Dfw,3.836698956123842e-05
898,Route Iad Clt,3.689922893930443e-05
899,Route Ind Dca,3.683355075326018e-05
900,Route San Iah,3.552989383371731e-05
901,Route Bna Tpa,3.4629490687205674e-05
902,Route Dtw Lan,3.453706963655951e-05
903,Route San Sea,3.4476734929243364e-05
904,Route Jax Dca,3.311682028947017e-05
905,Route Mco Sat,3.292544852676454e-05
906,Route Mco Hou,3.270662655338632e-05
907,Route Bna Las,3.240374301661008e-05
908,Route Chs Clt,3.1650854334148026e-05
909,Route Eug Sea,3.102878580401255e-05
910,Route Rdu Den,3.0135641220362284e-05
911,Route Chs Bna,2.9998524617823524e-05
912,Route Bos Bwi,2.91887967526173e-05
913,Route Dfw Ama,2.8886420412698294e-05
914,Route Mia Sju,2.8491725030480235e-05
915,Route Clt Sdf,2.846169626328427e-05
916,Route Den Mtj,2.8449781456787485e-05
917,Route Bwi Msp,2.7672197192529123e-05
918,Route Sea San,2.759142947766052e-05
919,Route Rap Den,2.7379881875839955e-05
920,Route Koa Lax,2.4969985881716187e-05
921,Route Bos Cle,2.4574663040122462e-05
922,Route Sea Atl,2.4253249013981184e-05
923,Route Dfw Saf,2.416854375090584e-05
924,Route Dtw Tvc,2.3829776625447036e-05
925,Route Mia Jax,2.3124546265787786e-05
926,Route Den Mso,2.28110561453315e-05
927,Route Smf Las,2.188139045860097e-05
928,Route Phx Ont,2.1594910887362998e-05
929,Route Dca Bna,2.1579950515196003e-05
930,Route Den Sna,2.1337265801611077e-05
931,Route Cle Phl,2.0960473562621625e-05
932,Route Bos Dfw,2.0930926684479462e-05
933,Route Clt Msn,2.091144213709542e-05
934,Route Tus Phx,2.0657327220680374e-05
935,Route Atl Roc,2.0480787509843507e-05
936,Route Ord Psp,2.0285211329029362e-05
937,Route Las Fll,1.9711087326426917e-05
938,Origin State Abr Nh,1.9227689399606982e-05
939,Route Sju Dca,1.8580130725051825e-05
940,Route Bwi Rdu,1.8343243704917978e-05
941,Route Rsw Bdl,1.8149252720278842e-05
942,Route Hou Lga,1.799997948022511e-05
943,Route Den Bos,1.694742544500912e-05
944,Route Bwi Pbi,1.6804387299622827e-05
945,Route Den Hdn,1.6335331620247374e-05
946,Route Mco Aus,1.6233373368026006e-05
947,Route Phl Sea,1.621601438558764e-05
948,Route Ege Dfw,1.6214580578242702e-05
949,Route Lga Dfw,1.6140642786919084e-05
950,Route Ord Ewr,1.576335448455694e-05
951,Route Cle Dtw,1.5159122498006593e-05
952,Route Bos Mia,1.4815658904498708e-05
953,Route Atl Pdx,1.3807924412685832e-05
954,Route Ord Eau,1.3781394853110978e-05
955,Route Tpa Ord,1.3329889765976223e-05
956,Route Dtw Phx,1.2162908124157597e-05
957,Route Msp Las,1.1495551974210833e-05
958,Dest State Abr Ia,1.1039475949459114e-05
959,Route Phx Oma,1.1035197311124015e-05
960,Route Clt Atl,1.0912326584702693e-05
961,Route Phx Mry,1.0053460451161881e-05
962,Route Mco Isp,1.0011785367218478e-05
963,Route Hou Phx,9.728273892619806e-06
964,Route Tpa Msp,8.792700469984154e-06
965,Route Aus Bwi,8.135455479865153e-06
966,Route Pwm Dca,8.002137070468105e-06
967,Route Dal Lax,7.798021330145504e-06
968,Route Pie Grr,7.373432684454883e-06
969,Route Gjt Den,7.263505633877651e-06
970,Route Ogg Hnl,7.257709426636306e-06
971,Route Ewr Bna,7.2480707328259675e-06
972,Route Cid Ord,6.784607923063996e-06
973,Route Ord Pia,6.520449511879289e-06
974,Route Dtw Mia,6.472510251511506e-06
975,Route Bwi Mco,5.54235896053125e-06
976,Route Clt Pbi,5.338813139893605e-06
977,Route Btr Atl,4.941938770832895e-06
978,Route Tpa Atl,4.883815536970704e-06
979,Route Pdx Aus,4.693897459488665e-06
980,Route Bdl Tpa,4.285446112040448e-06
981,Route Pit Ord,4.150760036355026e-06
982,Route Msp Lax,3.5075759487959087e-06
983,Route Iad Iah,3.391408978701453e-06
984,Route Cvg Mia,3.3334285867696724e-06
985,Route Jfk Iad,3.1907268454064903e-06
986,Route Ord Sat,2.272065959617581e-06
987,Route Mci Slc,2.051293628319384e-06
988,Route Hou Atl,2.000037179288159e-06
989,Route Mco Cmh,1.4127431067300525e-06
990,Route Clt Phl,1.0475320043938586e-06
991,Month,1.703153934192164e-16
992,Is Weekend,1.868487247680014e-17
993,Day Of Month,4.154295599426367e-18
994,Route Msy Hou,0.0
995,Route Ogg Dfw,0.0
996,Route Msy Dtw,0.0
997,Route Msy Lga,0.0
998,Route Oak Ont,0.0
999,Route Oak Ogg,0.0
1000,Route Tul Las,0.0
1001,Route Msy Mci,0.0
1002,Route Msy Dca,0.0
1003,Route Oak Sea,0.0
1004,Route Ttn Atl,0.0
1005,Route Oak Mdw,0.0
1006,Route Oak Mci,0.0
1007,Route Msy Dal,0.0
1008,Route Tri Dfw,0.0
1009,Route Oak Slc,0.0
1010,Route Lit Lga,0.0
1011,Route Tul Lax,0.0
1012,Route Msy Ewr,0.0
1013,Route Oak Sna,0.0
1014,Route Msy Jfk,0.0
1015,Route Msy Dfw,0.0
1016,Route Msy Iad,0.0
1017,Route Oak Rno,0.0
1018,Route Msy Mco,0.0
1019,Route Msy Iah,0.0
1020,Route Oak Psp,0.0
1021,Route Tul Iah,0.0
1022,Route Msy Lax,0.0
1023,Route Ttn Mco,0.0
1024,Route Lit Ord,0.0
1025,Route Oak Pdx,0.0
1026,Route Msy Fll,0.0
1027,Route Oak Sba,0.0
1028,Route Ogg Den,0.0
1029,Route Oak Lih,0.0
1030,Route Myr Pit,0.0
1031,Route Oak Lgb,0.0
1032,Route Myr Dtw,0.0
1033,Route Oak Dal,0.0
1034,Route Myr Bos,0.0
1035,Route Myr Bwi,0.0
1036,Route Tul Hou,0.0
1037,Route Myr Clt,0.0
1038,Route Tul Dfw,0.0
1039,Route Myr Dca,0.0
1040,Route Tul Atl,0.0
1041,Route Oak Boi,0.0
1042,Route Myr Dfw,0.0
1043,Route Oak Bli,0.0
1044,Route Oak Aus,0.0
1045,Route Myr Ewr,0.0
1046,Route Oak Lax,0.0
1047,Route Lrd Dfw,0.0
1048,Route Myr Fll,0.0
1049,Route Oak Abq,0.0
1050,Route Myr Lga,0.0
1051,Route Tul Clt,0.0
1052,Route Oaj Clt,0.0
1053,Route Myr Mco,0.0
1054,Route Myr Mdw,0.0
1055,Route Myr Ord,0.0
1056,Route Oaj Atl,0.0
1057,Route Lnk Ord,0.0
1058,Route Myr Phl,0.0
1059,Route Myr Bna,0.0
1060,Route Ogg Ito,0.0
1061,Route Oak Den,0.0
1062,Route Oak Eug,0.0
1063,Route Msy Mdw,0.0
1064,Route Msy Mia,0.0
1065,Route Msy Msp,0.0
1066,Route Msy Phl,0.0
1067,Route Msy Phx,0.0
1068,Route Msy Sat,0.0
1069,Route Tul Aus,0.0
1070,Route Oak Las,0.0
1071,Route Oak Koa,0.0
1072,Route Msy Sea,0.0
1073,Route Msy Sfo,0.0
1074,Route Msy Slc,0.0
1075,Route Oak Hou,0.0
1076,Route Msy Stl,0.0
1077,Route Msy Tpa,0.0
1078,Route Ttn Tpa,0.0
1079,Route Mtj Den,0.0
1080,Route Mtj Dfw,0.0
1081,Route Mvy Jfk,0.0
1082,Route Lit Stl,0.0
1083,Route Mvy Lga,0.0
1084,Route Myr Acy,0.0
1085,Route Oak Hnl,0.0
1086,Route Oak Geg,0.0
1087,Route Myr Atl,0.0
1088,Route Myr Bdl,0.0
1089,Route Mci Phx,0.0
1090,Route Ogg Koa,0.0
1091,Route Tpa Mci,0.0
1092,Route Ord Day,0.0
1093,Route Ord Dbq,0.0
1094,Route Ord Dec,0.0
1095,Route Ord Dfw,0.0
1096,Route Ord Dlh,0.0
1097,Route Ord Dsm,0.0
1098,Route Tpa Mia,0.0
1099,Route Tpa Mdw,0.0
1100,Route Ord Ege,0.0
1101,Route Ord Eyw,0.0
1102,Route Ord Cwa,0.0
1103,Route Yum Phx,0.0
1104,Route Ord Fca,0.0
1105,Route Ord Fll,0.0
1106,Route Ord Fnt,0.0
1107,Route Ord Fsd,0.0
1108,Route Ord Fwa,0.0
1109,Route Lih Den,0.0
1110,Route Ord Gsp,0.0
1111,Route Lgb Stl,0.0
1112,Route Ord Dal,0.0
1113,Route Lih Koa,0.0
1114,Route Ord Hpn,0.0
1115,Route Ord Cho,0.0
1116,Route Tpa Phx,0.0
1117,Route Ord Bos,0.0
1118,Route Ord Btv,0.0
1119,Route Ord Buf,0.0
1120,Route Ord Bwi,0.0
1121,Route Tpa Phl,0.0
1122,Route Ord Cae,0.0
1123,Route Ord Cak,0.0
1124,Route Ord Cha,0.0
1125,Route Lih Phx,0.0
1126,Route Tpa Mke,0.0
1127,Route Ord Chs,0.0
1128,Route Ord Cid,0.0
1129,Route Tpa Msy,0.0
1130,Route Lih Ogg,0.0
1131,Route Lih Oak,0.0
1132,Route Yum Dfw,0.0
1133,Route Ord Cmi,0.0
1134,Route Ord Cos,0.0
1135,Route Ord Cou,0.0
1136,Route Ord Hnl,0.0
1137,Route Lgb Slc,0.0
1138,Route Tpa Pvd,0.0
1139,Route Ord Msp,0.0
1140,Route Lgb Dal,0.0
1141,Route Ord Mht,0.0
1142,Route Lgb Aus,0.0
1143,Route Ord Mia,0.0
1144,Route Ord Mke,0.0
1145,Route Ord Mkg,0.0
1146,Route Ord Mli,0.0
1147,Route Ord Mqt,0.0
1148,Route Ord Msn,0.0
1149,Route Ord Msy,0.0
1150,Route Ord Mem,0.0
1151,Route Lga Xna,0.0
1152,Route Ord Myr,0.0
1153,Route Ord Okc,0.0
1154,Route Ord Oma,0.0
1155,Route Ord Orf,0.0
1156,Route Tpa Isp,0.0
1157,Route Tpa Ind,0.0
1158,Route Lga Tys,0.0
1159,Route Ord Pah,0.0
1160,Route Ord Mhk,0.0
1161,Route Lgb Den,0.0
1162,Route Ord Hsv,0.0
1163,Route Tpa Lax,0.0
1164,Route Ord Iah,0.0
1165,Route Lgb Sjc,0.0
1166,Route Lgb Rno,0.0
1167,Route Lgb Ogg,0.0
1168,Route Ord Jac,0.0
1169,Route Ord Jax,0.0
1170,Route Ord Jfk,0.0
1171,Route Ord Lan,0.0
1172,Route Ord Las,0.0
1173,Route Lgb Oak,0.0
1174,Route Lgb Hnl,0.0
1175,Route Ord Lex,0.0
1176,Route Lgb Mdw,0.0
1177,Route Ord Lnk,0.0
1178,Route Ord Lse,0.0
1179,Route Ord Mbs,0.0
1180,Route Ord Mci,0.0
1181,Route Lgb Hou,0.0
1182,Route Ord Mcw,0.0
1183,Route Ord Mdt,0.0
1184,Route Tpa Pit,0.0
1185,Route Ord Bmi,0.0
1186,Route Ogg Las,0.0
1187,Route Lit Dfw,0.0
1188,Route Okc Iah,0.0
1189,Route Okc Las,0.0
1190,Route Okc Lax,0.0
1191,Route Okc Lga,0.0
1192,Route Okc Mdw,0.0
1193,Route Okc Msp,0.0
1194,Route Okc Ord,0.0
1195,Route Okc Phx,0.0
1196,Route Okc Sea,0.0
1197,Route Okc Stl,0.0
1198,Route Okc Dfw,0.0
1199,Route Oma Atl,0.0
1200,Route Oma Clt,0.0
1201,Route Oma Dal,0.0
1202,Route Oma Den,0.0
1203,Route Oma Dfw,0.0
1204,Route Oma Dtw,0.0
1205,Route Oma Hou,0.0
1206,Route Oma Lax,0.0
1207,Route Oma Lga,0.0
1208,Route Okc Hou,0.0
1209,Route Okc Den,0.0
1210,Route Oma Mdw,0.0
1211,Route Ogg San,0.0
1212,Route Lit Las,0.0
1213,Route Ogg Lax,0.0
1214,Route Ogg Lgb,0.0
1215,Route Ogg Lih,0.0
1216,Route Tri Clt,0.0
1217,Route Ogg Oak,0.0
1218,Route Ogg Pdx,0.0
1219,Route Ogg Phx,0.0
1220,Route Lit Iah,0.0
1221,Route Ogg Sea,0.0
1222,Route Tpa Ttn,0.0
1223,Route Ogg Sfo,0.0
1224,Route Tri Atl,0.0
1225,Route Ogg Sjc,0.0
1226,Route Ogg Smf,0.0
1227,Route Okc Atl,0.0
1228,Route Okc Aus,0.0
1229,Route Okc Clt,0.0
1230,Route Okc Dal,0.0
1231,Route Okc Dca,0.0
1232,Route Oma Mco,0.0
1233,Route Oma Msp,0.0
1234,Route Lih San,0.0
1235,Route Lih Sfo,0.0
1236,Route Ord Abq,0.0
1237,Route Ord Alb,0.0
1238,Route Ord Alo,0.0
1239,Route Tpa Sfo,0.0
1240,Route Ord Anc,0.0
1241,Route Ord Ase,0.0
1242,Route Ord Atl,0.0
1243,Route Tpa Sea,0.0
1244,Route Lit Atl,0.0
1245,Route Ord Avl,0.0
1246,Route Lit Dal,0.0
1247,Route Ord Avp,0.0
1248,Route Ord Azo,0.0
1249,Route Ord Bdl,0.0
1250,Route Ord Bgr,0.0
1251,Route Tpa Sdf,0.0
1252,Route Tpa Sat,0.0
1253,Route Ord Bhm,0.0
1254,Route Tpa Rdu,0.0
1255,Route Lih Sea,0.0
1256,Route Ord Abe,0.0
1257,Route Ont Smf,0.0
1258,Route Oma Ord,0.0
1259,Route Ont Dal,0.0
1260,Route Oma Phx,0.0
1261,Route Oma Sea,0.0
1262,Route Oma Sfo,0.0
1263,Route Oma Slc,0.0
1264,Route Tpa Stl,0.0
1265,Route Oma Stl,0.0
1266,Route Ome Anc,0.0
1267,Route Ont Atl,0.0
1268,Route Ont Aus,0.0
1269,Route Tpa Slc,0.0
1270,Route Ont Slc,0.0
1271,Route Ont Dfw,0.0
1272,Route Msy Clt,0.0
1273,Route Ont Jfk,0.0
1274,Route Ont Mdw,0.0
1275,Route Ont Oak,0.0
1276,Route Ont Pdx,0.0
1277,Route Lit Dca,0.0
1278,Route Ont Sfo,0.0
1279,Route Ont Sjc,0.0
1280,Route Ont Hnl,0.0
1281,Route Mci Aus,0.0
1282,Route Msy Bwi,0.0
1283,Route Mdw Sav,0.0
1284,Route Mdw Sea,0.0
1285,Route Mdw Sfo,0.0
1286,Route Vps Clt,0.0
1287,Route Mdw Sjc,0.0
1288,Route Mdw Slc,0.0
1289,Route Mdw Smf,0.0
1290,Route Mdw Srq,0.0
1291,Route Mdw Tpa,0.0
1292,Route Mdw Tul,0.0
1293,Route Mei Iah,0.0
1294,Route Mem Bos,0.0
1295,Route Mem Dal,0.0
1296,Route Mem Dca,0.0
1297,Route Mem Den,0.0
1298,Route Mem Dfw,0.0
1299,Route Mem Ewr,0.0
1300,Route Vps Bna,0.0
1301,Route Vps Blv,0.0
1302,Route Vps Atl,0.0
1303,Route Mem Las,0.0
1304,Route Mem Lax,0.0
1305,Route Mci Iah,0.0
1306,Route Mem Lga,0.0
1307,Route Mdw Sdf,0.0
1308,Route Mdw Sat,0.0
1309,Route Mia Hou,0.0
1310,Route Mdw San,0.0
1311,Route Mdw Lga,0.0
1312,Route Mdw Lgb,0.0
1313,Route Mdw Mci,0.0
1314,Route Mdw Mco,0.0
1315,Route Mdw Mem,0.0
1316,Route Mdw Mht,0.0
1317,Route Mdw Mia,0.0
1318,Route Mdw Msp,0.0
1319,Route Mdw Myr,0.0
1320,Route Mdw Oak,0.0
1321,Route Mdw Okc,0.0
1322,Route Mdw Ont,0.0
1323,Route Mdw Orf,0.0
1324,Route Mdw Pdx,0.0
1325,Route Mdw Phl,0.0
1326,Route Mdw Pit,0.0
1327,Route Mdw Pvd,0.0
1328,Route Mdw Rdu,0.0
1329,Route Mdw Ric,0.0
1330,Route Mdw Roc,0.0
1331,Route Vps Cvg,0.0
1332,Route Mci Ind,0.0
1333,Route Mdw Rsw,0.0
1334,Route Vld Atl,0.0
1335,Route Mem Mco,0.0
1336,Route Vel Den,0.0
1337,Route Mem Mia,0.0
1338,Route Mht Ewr,0.0
1339,Route Mht Mco,0.0
1340,Route Tys Ord,0.0
1341,Route Mht Mdw,0.0
1342,Route Mht Ord,0.0
1343,Route Tys Mia,0.0
1344,Route Mia Bdl,0.0
1345,Route Mia Bhm,0.0
1346,Route Mia Bna,0.0
1347,Route Mci Ewr,0.0
1348,Route Mia Bos,0.0
1349,Route Mia Bwi,0.0
1350,Route Mci Dtw,0.0
1351,Route Mia Chs,0.0
1352,Route Mia Cle,0.0
1353,Route Mia Clt,0.0
1354,Route Mia Cmh,0.0
1355,Route Mia Cvg,0.0
1356,Route Mia Dal,0.0
1357,Route Mia Dtw,0.0
1358,Route Mia Eyw,0.0
1359,Route Mia Gnv,0.0
1360,Route Mia Gso,0.0
1361,Route Tys Phl,0.0
1362,Route Mht Clt,0.0
1363,Route Mht Bwi,0.0
1364,Route Mfr Den,0.0
1365,Route Mem Msp,0.0
1366,Route Vct Iah,0.0
1367,Route Mem Phl,0.0
1368,Route Mem Phx,0.0
1369,Route Mem Slc,0.0
1370,Route Mfe Dfw,0.0
1371,Route Mfe Iah,0.0
1372,Route Mfe Las,0.0
1373,Route Usa Pie,0.0
1374,Route Mci Hou,0.0
1375,Route Mfr Lax,0.0
1376,Route Tys Pie,0.0
1377,Route Mfr Phx,0.0
1378,Route Mfr Sea,0.0
1379,Route Mfr Sfo,0.0
1380,Route Usa Fll,0.0
1381,Route Mgm Atl,0.0
1382,Route Mgm Dca,0.0
1383,Route Mgm Dfw,0.0
1384,Route Tys Sfb,0.0
1385,Route Mci Fll,0.0
1386,Route Mhk Dfw,0.0
1387,Route Mdw Lax,0.0
1388,Route Vps Dal,0.0
1389,Route Mdw Jax,0.0
1390,Route Xna Dfw,0.0
1391,Route Mci Mke,0.0
1392,Route Mco Lbe,0.0
1393,Route Mci Mia,0.0
1394,Route Mco Lga,0.0
1395,Route Mco Mci,0.0
1396,Route Mco Mdw,0.0
1397,Route Mco Mem,0.0
1398,Route Mco Mht,0.0
1399,Route Xna Msp,0.0
1400,Route Mco Mke,0.0
1401,Route Mco Msp,0.0
1402,Route Mco Msy,0.0
1403,Route Mco Myr,0.0
1404,Route Mco Oma,0.0
1405,Route Xna Lga,0.0
1406,Route Xna Lax,0.0
1407,Route Mco Orf,0.0
1408,Route Mco Pdx,0.0
1409,Route Mco Phl,0.0
1410,Route Mco Pit,0.0
1411,Route Mco Pse,0.0
1412,Route Xna Iah,0.0
1413,Route Mco Rdu,0.0
1414,Route Mco Ind,0.0
1415,Route Xwa Den,0.0
1416,Route Mco Iad,0.0
1417,Route Mco Buf,0.0
1418,Route Mci Sea,0.0
1419,Route Mci Sfo,0.0
1420,Route Mci Stl,0.0
1421,Route Mci Phl,0.0
1422,Route Mci Tpa,0.0
1423,Route Mco Acy,0.0
1424,Route Mco Alb,0.0
1425,Route Mco Atl,0.0
1426,Route Yak Cdv,0.0
1427,Route Mco Bqn,0.0
1428,Route Mci Ord,0.0
1429,Route Mco Fll,0.0
1430,Route Mco Bwi,0.0
1431,Route Mco Cle,0.0
1432,Route Mco Clt,0.0
1433,Route Mco Dal,0.0
1434,Route Mci Oak,0.0
1435,Route Mco Dfw,0.0
1436,Route Xwa Msp,0.0
1437,Route Mci Msy,0.0
1438,Route Yak Jnu,0.0
1439,Route Mci Msp,0.0
1440,Route Mco Ric,0.0
1441,Route Mco Roc,0.0
1442,Route Mdw Iah,0.0
1443,Route Mco San,0.0
1444,Route Mdw Cmh,0.0
1445,Route Mdw Cos,0.0
1446,Route Xna Atl,0.0
1447,Route Wys Slc,0.0
1448,Route Mdw Cvg,0.0
1449,Route Mdw Dal,0.0
1450,Route Wrg Psg,0.0
1451,Route Mdw Dca,0.0
1452,Route Mci Lga,0.0
1453,Route Mdw Den,0.0
1454,Route Wrg Ktn,0.0
1455,Route Vps Dfw,0.0
1456,Route Mdw Dfw,0.0
1457,Route Vps Dca,0.0
1458,Route Mci Lax,0.0
1459,Route Mdw Dtw,0.0
1460,Route Mci Las,0.0
1461,Route Mdw Ewr,0.0
1462,Route Mci Jfk,0.0
1463,Route Mdw Fll,0.0
1464,Route Mdw Grr,0.0
1465,Route Mdw Hou,0.0
1466,Route Mdw Iad,0.0
1467,Route Mdw Clt,0.0
1468,Route Xna Clt,0.0
1469,Route Mdw Cle,0.0
1470,Route Mdt Dfw,0.0
1471,Route Mco Sea,0.0
1472,Route Mco Sfo,0.0
1473,Route Mco Stl,0.0
1474,Route Mco Stt,0.0
1475,Route Mco Syr,0.0
1476,Route Mco Ttn,0.0
1477,Route Mcw Ord,0.0
1478,Route Mdt Atl,0.0
1479,Route Mdt Clt,0.0
1480,Route Xna Den,0.0
1481,Route Mdt Dtw,0.0
1482,Route Mdw Chs,0.0
1483,Route Mdt Ord,0.0
1484,Route Mdt Sfb,0.0
1485,Route Mdw Abq,0.0
1486,Route Mdw Alb,0.0
1487,Route Xna Dca,0.0
1488,Route Mdw Bdl,0.0
1489,Route Mdw Bhm,0.0
1490,Route Mdw Bos,0.0
1491,Route Mdw Buf,0.0
1492,Route Mdw Bwi,0.0
1493,Route Tys Lga,0.0
1494,Route Tys Iah,0.0
1495,Route Lse Msp,0.0
1496,Route Msp Dtw,0.0
1497,Route Msp Far,0.0
1498,Route Msp Fca,0.0
1499,Route Msp Fll,0.0
1500,Route Mci Atl,0.0
1501,Route Msp Fsd,0.0
1502,Route Tus Lax,0.0
1503,Route Msp Geg,0.0
1504,Route Msp Gfk,0.0
1505,Route Msp Grb,0.0
1506,Route Mci Abq,0.0
1507,Route Tus Las,0.0
1508,Route Mbs Ord,0.0
1509,Route Msp Hib,0.0
1510,Route Msp Hnl,0.0
1511,Route Msp Iad,0.0
1512,Route Msp Iah,0.0
1513,Route Msp Ict,0.0
1514,Route Mbs Dtw,0.0
1515,Route Msp Imt,0.0
1516,Route Tus Iah,0.0
1517,Route Msp Inl,0.0
1518,Route Msp Jax,0.0
1519,Route Maf Phx,0.0
1520,Route Tus San,0.0
1521,Route Msp Dsm,0.0
1522,Route Mci Dfw,0.0
1523,Route Msp Dlh,0.0
1524,Route Msp Bil,0.0
1525,Route Msp Bis,0.0
1526,Route Msp Bji,0.0
1527,Route Msp Bna,0.0
1528,Route Tus Slc,0.0
1529,Route Mci Bna,0.0
1530,Route Msp Bos,0.0
1531,Route Msp Brd,0.0
1532,Route Tus Sfo,0.0
1533,Route Msp Bwi,0.0
1534,Route Msp Bzn,0.0
1535,Route Msp Cid,0.0
1536,Route Msp Ciu,0.0
1537,Route Tus Sea,0.0
1538,Route Msp Cle,0.0
1539,Route Msp Clt,0.0
1540,Route Msp Cmh,0.0
1541,Route Msp Cvg,0.0
1542,Route Msp Cwa,0.0
1543,Route Msp Day,0.0
1544,Route Msp Dca,0.0
1545,Route Msp Dfw,0.0
1546,Route Mci San,0.0
1547,Route Tus Den,0.0
1548,Route Msp Lga,0.0
1549,Route Msp Lnk,0.0
1550,Route Msp Lse,0.0
1551,Route Maf Aus,0.0
1552,Route Lyh Clt,0.0
1553,Route Msp Rhi,0.0
1554,Route Msp Ric,0.0
1555,Route Msp Rst,0.0
1556,Route Msp Rsw,0.0
1557,Route Msp San,0.0
1558,Route Msp Sat,0.0
1559,Route Msp Sbn,0.0
1560,Route Msp Sdf,0.0
1561,Route Msp Sea,0.0
1562,Route Lws Slc,0.0
1563,Route Msp Sjc,0.0
1564,Route Msp Slc,0.0
1565,Route Msp Smf,0.0
1566,Route Lse Ord,0.0
1567,Route Msp Sna,0.0
1568,Route Msp Stl,0.0
1569,Route Msp Xna,0.0
1570,Route Msp Xwa,0.0
1571,Route Tul Ord,0.0
1572,Route Msy Bna,0.0
1573,Route Tul Mdw,0.0
1574,Route Msp Rdu,0.0
1575,Route Msp Rap,0.0
1576,Route Msp Psc,0.0
1577,Route Msp Mot,0.0
1578,Route Tus Atl,0.0
1579,Route Maf Las,0.0
1580,Route Msp Mco,0.0
1581,Route Maf Iah,0.0
1582,Route Msp Mdw,0.0
1583,Route Msp Mem,0.0
1584,Route Maf Hou,0.0
1585,Route Maf Dfw,0.0
1586,Route Msp Mia,0.0
1587,Route Msp Mke,0.0
1588,Route Msp Msn,0.0
1589,Route Msp Pit,0.0
1590,Route Msp Mso,0.0
1591,Route Maf Den,0.0
1592,Route Msp Okc,0.0
1593,Route Msp Oma,0.0
1594,Route Tul Slc,0.0
1595,Route Maf Dal,0.0
1596,Route Msp Ord,0.0
1597,Route Msp Pdx,0.0
1598,Route Msp Phl,0.0
1599,Route Msp Phx,0.0
1600,Route Tvc Dtw,0.0
1601,Route Msp Bdl,0.0
1602,Route Msp Atw,0.0
1603,Route Mke Msp,0.0
1604,Route Mci Dal,0.0
1605,Route Mia Slc,0.0
1606,Route Mia Stt,0.0
1607,Route Tys Clt,0.0
1608,Route Mia Tlh,0.0
1609,Route Mia Tpa,0.0
1610,Route Mia Tys,0.0
1611,Route Mke Atl,0.0
1612,Route Mke Bna,0.0
1613,Route Mke Bos,0.0
1614,Route Mke Bwi,0.0
1615,Route Mke Clt,0.0
1616,Route Mke Dal,0.0
1617,Route Mke Den,0.0
1618,Route Mke Dfw,0.0
1619,Route Mke Dtw,0.0
1620,Route Mke Ewr,0.0
1621,Route Mke Iah,0.0
1622,Route Mke Jfk,0.0
1623,Route Mke Las,0.0
1624,Route Mke Lga,0.0
1625,Route Mke Mci,0.0
1626,Route Mke Mco,0.0
1627,Route Mia Sfo,0.0
1628,Route Mia Sea,0.0
1629,Route Mia Sdf,0.0
1630,Route Mia Msp,0.0
1631,Route Mia Ind,0.0
1632,Route Tys Fll,0.0
1633,Route Tys Dtw,0.0
1634,Route Mia Las,0.0
1635,Route Mia Lax,0.0
1636,Route Tys Dfw,0.0
1637,Route Mia Mci,0.0
1638,Route Mia Mco,0.0
1639,Route Mia Mdw,0.0
1640,Route Mia Mem,0.0
1641,Route Mia Msy,0.0
1642,Route Mia Sav,0.0
1643,Route Mia Ord,0.0
1644,Route Mia Orf,0.0
1645,Route Mia Phx,0.0
1646,Route Mia Pit,0.0
1647,Route Mci Dca,0.0
1648,Route Tys Dca,0.0
1649,Route Mia Rdu,0.0
1650,Route Mia Ric,0.0
1651,Route Mia San,0.0
1652,Route Mia Sat,0.0
1653,Route Tys Atl,0.0
1654,Route Tyr Dfw,0.0
1655,Route Msp Atl,0.0
1656,Route Mke Phl,0.0
1657,Route Mry San,0.0
1658,Route Mry Sfo,0.0
1659,Route Msn Atl,0.0
1660,Route Mci Bwi,0.0
1661,Route Msn Clt,0.0
1662,Route Tvc Ord,0.0
1663,Route Msn Den,0.0
1664,Route Msn Dfw,0.0
1665,Route Msn Dtw,0.0
1666,Route Msn Ewr,0.0
1667,Route Mci Bos,0.0
1668,Route Msn Msp,0.0
1669,Route Msn Ord,0.0
1670,Route Msn Phl,0.0
1671,Route Msn Phx,0.0
1672,Route Mso Den,0.0
1673,Route Mso Dfw,0.0
1674,Route Mso Msp,0.0
1675,Route Mso Sea,0.0
1676,Route Mso Slc,0.0
1677,Route Msp Abr,0.0
1678,Route Msp Anc,0.0
1679,Route Tvc Msp,0.0
1680,Route Mry Phx,0.0
1681,Route Mry Lax,0.0
1682,Route Mry Dfw,0.0
1683,Route Mli Den,0.0
1684,Route Mke Phx,0.0
1685,Route Mci Clt,0.0
1686,Route Mke Sea,0.0
1687,Route Txk Dfw,0.0
1688,Route Mke Tpa,0.0
1689,Route Mkg Ord,0.0
1690,Route Mlb Atl,0.0
1691,Route Mlb Clt,0.0
1692,Route Mli Atl,0.0
1693,Route Twf Slc,0.0
1694,Route Mli Dfw,0.0
1695,Route Mry Den,0.0
1696,Route Mli Ord,0.0
1697,Route Mlu Atl,0.0
1698,Route Mlu Dfw,0.0
1699,Route Mob Atl,0.0
1700,Route Mob Dfw,0.0
1701,Route Mob Iah,0.0
1702,Route Mot Den,0.0
1703,Route Mot Msp,0.0
1704,Route Mqt Dtw,0.0
1705,Route Mqt Ord,0.0
1706,Route Slc Sjc,0.0
1707,Route Pdx Psp,0.0
1708,Route Ord Phx,0.0
1709,Route Sck Las,0.0
1710,Route Sdf Bos,0.0
1711,Route Sdf Bwi,0.0
1712,Route Sdf Clt,0.0
1713,Route Sdf Dca,0.0
1714,Route Sdf Den,0.0
1715,Route Sdf Dfw,0.0
1716,Route Sdf Dtw,0.0
1717,Route Sdf Ewr,0.0
1718,Route Sdf Hou,0.0
1719,Route Sdf Iad,0.0
1720,Route Sdf Iah,0.0
1721,Route Sdf Las,0.0
1722,Route Sdf Lga,0.0
1723,Route Sdf Mco,0.0
1724,Route Sdf Mdw,0.0
1725,Route Sdf Mia,0.0
1726,Route Sdf Msp,0.0
1727,Route Srq Dca,0.0
1728,Route Sdf Phl,0.0
1729,Route Sdf Tpa,0.0
1730,Route Sea Abq,0.0
1731,Route Sea Alw,0.0
1732,Route Sea Anc,0.0
1733,Route Sea Aus,0.0
1734,Route Srq Clt,0.0
1735,Route Sdf Atl,0.0
1736,Route Sce Ord,0.0
1737,Route Sea Sba,0.0
1738,Route Sce Dtw,0.0
1739,Route Sav Jfk,0.0
1740,Route Sav Lga,0.0
1741,Route Sav Mdw,0.0
1742,Route Sav Mia,0.0
1743,Route Sav Ord,0.0
1744,Route Sav Phl,0.0
1745,Route Sba Den,0.0
1746,Route Sba Dfw,0.0
1747,Route Sba Las,0.0
1748,Route Sba Lax,0.0
1749,Route Sba Oak,0.0
1750,Route Sba Sea,0.0
1751,Route Sbn Atl,0.0
1752,Route Sbn Clt,0.0
1753,Route Sbn Dfw,0.0
1754,Route Sbn Dtw,0.0
1755,Route Sbn Ord,0.0
1756,Route Srq Ewr,0.0
1757,Route Sbp Dfw,0.0
1758,Route Sbp Lax,0.0
1759,Route Sbp Phx,0.0
1760,Route Srq Dfw,0.0
1761,Route Sbp Sea,0.0
1762,Route Sbp Sfo,0.0
1763,Route Scc Anc,0.0
1764,Route Sea Bli,0.0
1765,Route Sea Bna,0.0
1766,Route Sea Boi,0.0
1767,Route Srq Bwi,0.0
1768,Route Sea Koa,0.0
1769,Route Sea Las,0.0
1770,Route Sea Lih,0.0
1771,Route Sea Mci,0.0
1772,Route Sea Mco,0.0
1773,Route Sea Mdw,0.0
1774,Route Sea Mfr,0.0
1775,Route Sea Mke,0.0
1776,Route Sea Msp,0.0
1777,Route Sea Msy,0.0
1778,Route Sea Oak,0.0
1779,Route Sea Ogg,0.0
1780,Route Sea Okc,0.0
1781,Route Sea Oma,0.0
1782,Route Sna Sjc,0.0
1783,Route Sea Ont,0.0
1784,Route Sea Ord,0.0
1785,Route Sea Pdx,0.0
1786,Route Sea Phl,0.0
1787,Route Sea Pit,0.0
1788,Route Sea Psc,0.0
1789,Route Sea Psp,0.0
1790,Route Sna Phx,0.0
1791,Route Sea Rdu,0.0
1792,Route Sea Rno,0.0
1793,Route Sea Jnu,0.0
1794,Route Sna Sts,0.0
1795,Route Spi Dfw,0.0
1796,Route Srq Bna,0.0
1797,Route Sea Bur,0.0
1798,Route Sea Bwi,0.0
1799,Route Sea Bzn,0.0
1800,Route Sea Chs,0.0
1801,Route Sea Cle,0.0
1802,Route Sea Clt,0.0
1803,Route Sea Cmh,0.0
1804,Route Srq Bos,0.0
1805,Route Sea Cvg,0.0
1806,Route Sea Dal,0.0
1807,Route Sea Dca,0.0
1808,Route Sea Eug,0.0
1809,Route Spi Ord,0.0
1810,Route Sea Ewr,0.0
1811,Route Srq Atl,0.0
1812,Route Sea Fat,0.0
1813,Route Sea Fca,0.0
1814,Route Sea Fll,0.0
1815,Route Sea Geg,0.0
1816,Route Sea Hnl,0.0
1817,Route Sea Iad,0.0
1818,Route Sps Dfw,0.0
1819,Route Sea Ind,0.0
1820,Route Spn Gum,0.0
1821,Route Sav Iah,0.0
1822,Route Sav Ewr,0.0
1823,Route Srq Ind,0.0
1824,Route San Msp,0.0
1825,Route Stl Den,0.0
1826,Route San Aus,0.0
1827,Route San Bna,0.0
1828,Route San Boi,0.0
1829,Route San Bos,0.0
1830,Route San Bwi,0.0
1831,Route San Clt,0.0
1832,Route San Dal,0.0
1833,Route San Dfw,0.0
1834,Route San Dtw,0.0
1835,Route San Elp,0.0
1836,Route Stl Dal,0.0
1837,Route San Ewr,0.0
1838,Route San Fat,0.0
1839,Route San Fll,0.0
1840,Route San Geg,0.0
1841,Route San Hnl,0.0
1842,Route San Hou,0.0
1843,Route San Iad,0.0
1844,Route San Jfk,0.0
1845,Route San Lax,0.0
1846,Route San Lih,0.0
1847,Route San Mci,0.0
1848,Route Stl Cmh,0.0
1849,Route San Mia,0.0
1850,Route San Abq,0.0
1851,Route Saf Phx,0.0
1852,Route Saf Dfw,0.0
1853,Route Rsw Hpn,0.0
1854,Route Rst Msp,0.0
1855,Route Rst Ord,0.0
1856,Route Rsw Acy,0.0
1857,Route Rsw Atl,0.0
1858,Route Rsw Bna,0.0
1859,Route Rsw Bos,0.0
1860,Route Rsw Cle,0.0
1861,Route Rsw Clt,0.0
1862,Route Rsw Cvg,0.0
1863,Route Rsw Den,0.0
1864,Route Rsw Dtw,0.0
1865,Route Stl Ecp,0.0
1866,Route Stl Dfw,0.0
1867,Route Stl Dtw,0.0
1868,Route Rsw Iah,0.0
1869,Route Rsw Ind,0.0
1870,Route Rsw Jfk,0.0
1871,Route Stl Dsm,0.0
1872,Route Rsw Mdw,0.0
1873,Route Rsw Mke,0.0
1874,Route Rsw Ord,0.0
1875,Route Rsw Phl,0.0
1876,Route Rsw Pit,0.0
1877,Route Rsw Stl,0.0
1878,Route San Mry,0.0
1879,Route San Oak,0.0
1880,Route Sav Den,0.0
1881,Route San Ogg,0.0
1882,Route Sat Iad,0.0
1883,Route Sat Iah,0.0
1884,Route Sat Jfk,0.0
1885,Route Sat Las,0.0
1886,Route Sat Lax,0.0
1887,Route Srq Lga,0.0
1888,Route Sat Mdw,0.0
1889,Route Sat Mia,0.0
1890,Route Sat Msp,0.0
1891,Route Sat Msy,0.0
1892,Route Sat Ord,0.0
1893,Route Srq Jfk,0.0
1894,Route Sat San,0.0
1895,Route Sat Sea,0.0
1896,Route Sat Sfo,0.0
1897,Route Sat Slc,0.0
1898,Route Sat Stl,0.0
1899,Route Sat Tpa,0.0
1900,Route Sav Atl,0.0
1901,Route Sav Bna,0.0
1902,Route Sav Bos,0.0
1903,Route Sav Bwi,0.0
1904,Route Sav Clt,0.0
1905,Route Sav Dal,0.0
1906,Route Sav Dca,0.0
1907,Route Srq Mdw,0.0
1908,Route Sat Hou,0.0
1909,Route Sat Fll,0.0
1910,Route San Stl,0.0
1911,Route Stl Clt,0.0
1912,Route San Pdx,0.0
1913,Route San Phl,0.0
1914,Route San Phx,0.0
1915,Route Stl Cle,0.0
1916,Route San Sat,0.0
1917,Route San Sbp,0.0
1918,Route Stl Bwi,0.0
1919,Route San Sfo,0.0
1920,Route San Sjc,0.0
1921,Route San Slc,0.0
1922,Route San Sts,0.0
1923,Route Sat Ewr,0.0
1924,Route San Tus,0.0
1925,Route Stl Bos,0.0
1926,Route Stl Bna,0.0
1927,Route Sat Bos,0.0
1928,Route Sat Bwi,0.0
1929,Route Sat Clt,0.0
1930,Route Stl Aus,0.0
1931,Route Srq Phl,0.0
1932,Route Sat Dfw,0.0
1933,Route Sat Dtw,0.0
1934,Route Sat Elp,0.0
1935,Route Sea Sat,0.0
1936,Route Sna Pdx,0.0
1937,Route Roc Ord,0.0
1938,Route Sju Mco,0.0
1939,Route Sju Ord,0.0
1940,Route Sju Rdu,0.0
1941,Route Sju Stt,0.0
1942,Route Sju Tpa,0.0
1943,Route Slc Abq,0.0
1944,Route Slc Atl,0.0
1945,Route Slc Aus,0.0
1946,Route Slc Bil,0.0
1947,Route Slc Bna,0.0
1948,Route Slc Boi,0.0
1949,Route Smf Dal,0.0
1950,Route Slc Btm,0.0
1951,Route Slc Bur,0.0
1952,Route Slc Bwi,0.0
1953,Route Slc Bzn,0.0
1954,Route Slc Cdc,0.0
1955,Route Slc Clt,0.0
1956,Route Slc Cos,0.0
1957,Route Slc Cpr,0.0
1958,Route Slc Cvg,0.0
1959,Route Slc Dal,0.0
1960,Route Smf Clt,0.0
1961,Route Slc Dca,0.0
1962,Route Slc Den,0.0
1963,Route Slc Dfw,0.0
1964,Route Smf Dfw,0.0
1965,Route Sju Jfk,0.0
1966,Route Sna Ord,0.0
1967,Route Sju Iah,0.0
1968,Route Sjc Jfk,0.0
1969,Route Sjc Koa,0.0
1970,Route Sjc Las,0.0
1971,Route Sjc Lgb,0.0
1972,Route Sjc Lih,0.0
1973,Route Sjc Mdw,0.0
1974,Route Sjc Msp,0.0
1975,Route Sjc Ogg,0.0
1976,Route Sjc Ont,0.0
1977,Route Sjc Ord,0.0
1978,Route Sjc Pdx,0.0
1979,Route Sjc Phx,0.0
1980,Route Smf Jfk,0.0
1981,Route Smf Iah,0.0
1982,Route Sjc Slc,0.0
1983,Route Smf Iad,0.0
1984,Route Sjt Dfw,0.0
1985,Route Sju Atl,0.0
1986,Route Sju Bdl,0.0
1987,Route Sju Bwi,0.0
1988,Route Sju Clt,0.0
1989,Route Smf Hnl,0.0
1990,Route Smf Ewr,0.0
1991,Route Sju Fll,0.0
1992,Route Sju Iad,0.0
1993,Route Slc Dtw,0.0
1994,Route Slc Eko,0.0
1995,Route Smf Bur,0.0
1996,Route Smf Boi,0.0
1997,Route Slc Mia,0.0
1998,Route Slc Mke,0.0
1999,Route Slc Mso,0.0
2000,Route Slc Msp,0.0
2001,Route Slc Msy,0.0
2002,Route Slc Oak,0.0
2003,Route Slc Okc,0.0
2004,Route Slc Oma,0.0
2005,Route Slc Ont,0.0
2006,Route Slc Ord,0.0
2007,Route Slc Pdx,0.0
2008,Route Slc Tul,0.0
2009,Route Slc Phl,0.0
2010,Route Slc Tpa,0.0
2011,Route Slc Pih,0.0
2012,Route Slc Psc,0.0
2013,Route Slc Psp,0.0
2014,Route Slc Rdm,0.0
2015,Route Slc Rdu,0.0
2016,Route Slc Rno,0.0
2017,Route Slc Sun,0.0
2018,Route Slc Stl,0.0
2019,Route Slc Sat,0.0
2020,Route Slc Sea,0.0
2021,Route Slc Sna,0.0
2022,Route Slc Mfr,0.0
2023,Route Slc Mem,0.0
2024,Route Slc Mdw,0.0
2025,Route Slc Hou,0.0
2026,Route Slc Ewr,0.0
2027,Route Slc Fat,0.0
2028,Route Smf Aus,0.0
2029,Route Slc Fca,0.0
2030,Route Slc Fll,0.0
2031,Route Slc Geg,0.0
2032,Route Smf Atl,0.0
2033,Route Slc Gtf,0.0
2034,Route Sln Ord,0.0
2035,Route Slc Hln,0.0
2036,Route Slc Hnl,0.0
2037,Route Sln Hys,0.0
2038,Route Slc Mco,0.0
2039,Route Slc Wys,0.0
2040,Route Slc Ida,0.0
2041,Route Slc Jac,0.0
2042,Route Slc Jfk,0.0
2043,Route Slc Las,0.0
2044,Route Slc Lax,0.0
2045,Route Slc Twf,0.0
2046,Route Slc Lgb,0.0
2047,Route Slc Lws,0.0
2048,Route Slc Mci,0.0
2049,Route Slc Tus,0.0
2050,Route Sjc Iah,0.0
2051,Route Sjc Hou,0.0
2052,Route Sjc Hnl,0.0
2053,Route Sfo Mia,0.0
2054,Route Sfo Cle,0.0
2055,Route Sfo Clt,0.0
2056,Route Sfo Cmh,0.0
2057,Route Sfo Dal,0.0
2058,Route Sfo Dca,0.0
2059,Route Sna Atl,0.0
2060,Route Smf Sna,0.0
2061,Route Sfo Dtw,0.0
2062,Route Sfo Eug,0.0
2063,Route Sfo Ewr,0.0
2064,Route Sfo Fat,0.0
2065,Route Sfo Fll,0.0
2066,Route Sfo Geg,0.0
2067,Route Sfo Hnl,0.0
2068,Route Sfo Iad,0.0
2069,Route Sfo Ind,0.0
2070,Route Sfo Jac,0.0
2071,Route Smf Sfo,0.0
2072,Route Smf Sea,0.0
2073,Route Sfo Koa,0.0
2074,Route Sfo Las,0.0
2075,Route Sfo Lih,0.0
2076,Route Sfo Mci,0.0
2077,Route Sfo Mco,0.0
2078,Route Sfo Mdw,0.0
2079,Route Sfo Bzn,0.0
2080,Route Sna Aus,0.0
2081,Route Sfo Bwi,0.0
2082,Route Sfb Grr,0.0
2083,Route Sea Sit,0.0
2084,Route Sea Sjc,0.0
2085,Route Sna Oak,0.0
2086,Route Sea Sna,0.0
2087,Route Sna Msp,0.0
2088,Route Sna Las,0.0
2089,Route Sea Sts,0.0
2090,Route Sea Tpa,0.0
2091,Route Sea Tus,0.0
2092,Route Sfb Abe,0.0
2093,Route Sfb Cvg,0.0
2094,Route Sfb Tys,0.0
2095,Route Sna Dal,0.0
2096,Route Sna Jfk,0.0
2097,Route Sfo Abq,0.0
2098,Route Sna Iah,0.0
2099,Route Sna Dfw,0.0
2100,Route Sfo Ase,0.0
2101,Route Sfo Atl,0.0
2102,Route Sfo Aus,0.0
2103,Route Sfo Bfl,0.0
2104,Route Sfo Bna,0.0
2105,Route Sna Den,0.0
2106,Route Sfo Bos,0.0
2107,Route Sfo Mfr,0.0
2108,Route Sfo Mry,0.0
2109,Route Sjc Geg,0.0
2110,Route Sfo Msp,0.0
2111,Route Sgf Atl,0.0
2112,Route Sgf Clt,0.0
2113,Route Sgf Den,0.0
2114,Route Sgf Dfw,0.0
2115,Route Sgf Ord,0.0
2116,Route Sgu Den,0.0
2117,Route Smf Mdw,0.0
2118,Route Sgu Phx,0.0
2119,Route Sgu Slc,0.0
2120,Route Shr Den,0.0
2121,Route Shv Atl,0.0
2122,Route Shv Clt,0.0
2123,Route Shv Dfw,0.0
2124,Route Shv Iah,0.0
2125,Route Smf Lgb,0.0
2126,Route Sit Ktn,0.0
2127,Route Sit Sea,0.0
2128,Route Sjc Atl,0.0
2129,Route Smf Lax,0.0
2130,Route Sjc Aus,0.0
2131,Route Sjc Boi,0.0
2132,Route Sjc Bur,0.0
2133,Route Sjc Dal,0.0
2134,Route Sjc Den,0.0
2135,Route Sjc Dfw,0.0
2136,Route Sfo Tus,0.0
2137,Route Sfo Tpa,0.0
2138,Route Sfo Stl,0.0
2139,Route Sfo Psc,0.0
2140,Route Sfo Msy,0.0
2141,Route Sfo Ogg,0.0
2142,Route Sfo Oma,0.0
2143,Route Sfo Ont,0.0
2144,Route Sfo Ord,0.0
2145,Route Sfo Oth,0.0
2146,Route Sfo Pae,0.0
2147,Route Smf Sba,0.0
2148,Route Smf Psp,0.0
2149,Route Sfo Phx,0.0
2150,Route Sfo Pit,0.0
2151,Route Sfo Psp,0.0
2152,Route Smf Msp,0.0
2153,Route Sfo Rdd,0.0
2154,Route Sfo Rdm,0.0
2155,Route Sfo Rdu,0.0
2156,Route Sfo Sat,0.0
2157,Route Sfo Sba,0.0
2158,Route Smf Pdx,0.0
2159,Route Sfo Sbp,0.0
2160,Route Smf Ont,0.0
2161,Route Sfo Slc,0.0
2162,Route Sfo Smf,0.0
2163,Route Smf Ogg,0.0
2164,Route Stl Ewr,0.0
2165,Route Roc Mdw,0.0
2166,Route Ord Pit,0.0
2167,Route Phl Lax,0.0
2168,Route Tlh Atl,0.0
2169,Route Phl Mci,0.0
2170,Route Phl Mco,0.0
2171,Route Phl Mdw,0.0
2172,Route Phl Mem,0.0
2173,Route Phl Mht,0.0
2174,Route Phl Mke,0.0
2175,Route Phl Msp,0.0
2176,Route Syr Phl,0.0
2177,Route Phl Myr,0.0
2178,Route Phl Ord,0.0
2179,Route Phl Orf,0.0
2180,Route Phl Pbi,0.0
2181,Route Phl Phx,0.0
2182,Route Phl Pit,0.0
2183,Route Phl Pns,0.0
2184,Route Phl Pvd,0.0
2185,Route Phl Pwm,0.0
2186,Route Phl Rdu,0.0
2187,Route Phl Rsw,0.0
2188,Route Phl San,0.0
2189,Route Syr Ord,0.0
2190,Route Phl Sdf,0.0
2191,Route Syr Mco,0.0
2192,Route Syr Lga,0.0
2193,Route Phl Lga,0.0
2194,Route Tlh Clt,0.0
2195,Route Phx Mfr,0.0
2196,Route Phl Las,0.0
2197,Route Phf Clt,0.0
2198,Route Tol Ord,0.0
2199,Route Phl Aus,0.0
2200,Route Phl Bdl,0.0
2201,Route Phl Bgr,0.0
2202,Route Phl Bhm,0.0
2203,Route Phl Bna,0.0
2204,Route Phl Bos,0.0
2205,Route Tlh Mia,0.0
2206,Route Phl Btv,0.0
2207,Route Phl Buf,0.0
2208,Route Phl Chs,0.0
2209,Route Phl Cle,0.0
2210,Route Phl Clt,0.0
2211,Route Phl Cmh,0.0
2212,Route Phl Cvg,0.0
2213,Route Phl Day,0.0
2214,Route Phl Dca,0.0
2215,Route Phl Dfw,0.0
2216,Route Phl Fll,0.0
2217,Route Tlh Dca,0.0
2218,Route Phl Gsp,0.0
2219,Route Phl Hvn,0.0
2220,Route Phl Iah,0.0
2221,Route Phl Ind,0.0
2222,Route Phl Sfo,0.0
2223,Route Syr Jfk,0.0
2224,Route Phl Sju,0.0
2225,Route Phl Slc,0.0
2226,Route Syr Bwi,0.0
2227,Route Phx Dro,0.0
2228,Route Phx Dsm,0.0
2229,Route Syr Bos,0.0
2230,Route Phx Ewr,0.0
2231,Route Phx Fat,0.0
2232,Route Syr Atl,0.0
2233,Route Swo Dfw,0.0
2234,Route Sux Ord,0.0
2235,Route Phx Geg,0.0
2236,Route Sux Den,0.0
2237,Route Phx Hnl,0.0
2238,Route Phx Iad,0.0
2239,Route Phx Iah,0.0
2240,Route Phx Ict,0.0
2241,Route Phx Ind,0.0
2242,Route Phx Jfk,0.0
2243,Route Phx Koa,0.0
2244,Route Phx Las,0.0
2245,Route Phx Lbb,0.0
2246,Route Phx Lgb,0.0
2247,Route Phx Lih,0.0
2248,Route Phx Maf,0.0
2249,Route Phx Mci,0.0
2250,Route Phx Mdw,0.0
2251,Route Phx Den,0.0
2252,Route Phx Dca,0.0
2253,Route Phx Dal,0.0
2254,Route Syr Den,0.0
2255,Route Phl Srq,0.0
2256,Route Syr Iad,0.0
2257,Route Syr Ewr,0.0
2258,Route Phl Stl,0.0
2259,Route Phl Syr,0.0
2260,Route Phl Tpa,0.0
2261,Route Phl Tys,0.0
2262,Route Phx Abq,0.0
2263,Route Phx Anc,0.0
2264,Route Syr Dtw,0.0
2265,Route Syr Dfw,0.0
2266,Route Phx Aus,0.0
2267,Route Phx Cos,0.0
2268,Route Phx Bfl,0.0
2269,Route Phx Bna,0.0
2270,Route Phx Boi,0.0
2271,Route Phx Bos,0.0
2272,Route Phx Bur,0.0
2273,Route Syr Dca,0.0
2274,Route Phx Bwi,0.0
2275,Route Phx Cid,0.0
2276,Route Phx Cle,0.0
2277,Route Phx Clt,0.0
2278,Route Phx Cmh,0.0
2279,Route Phf Atl,0.0
2280,Route Pgd Grr,0.0
2281,Route Pgd Cvg,0.0
2282,Route Otz Anc,0.0
2283,Route Ord Tpa,0.0
2284,Route Ord Tul,0.0
2285,Route Ord Tus,0.0
2286,Route Ord Tvc,0.0
2287,Route Ord Tys,0.0
2288,Route Orf Atl,0.0
2289,Route Orf Bna,0.0
2290,Route Orf Bos,0.0
2291,Route Orf Bwi,0.0
2292,Route Orf Dca,0.0
2293,Route Orf Dfw,0.0
2294,Route Orf Dtw,0.0
2295,Route Orf Ewr,0.0
2296,Route Orf Iad,0.0
2297,Route Tpa Ewr,0.0
2298,Route Orf Iah,0.0
2299,Route Orf Jfk,0.0
2300,Route Orf Lga,0.0
2301,Route Orf Mco,0.0
2302,Route Tpa Dtw,0.0
2303,Route Orf Mdw,0.0
2304,Route Orf Ord,0.0
2305,Route Orf Phl,0.0
2306,Route Orh Fll,0.0
2307,Route Orh Jfk,0.0
2308,Route Ord Tol,0.0
2309,Route Ord Sux,0.0
2310,Route Ord Stl,0.0
2311,Route Ord San,0.0
2312,Route Ord Pns,0.0
2313,Route Ord Pvd,0.0
2314,Route Ord Pwm,0.0
2315,Route Tpa Iad,0.0
2316,Route Tpa Hpn,0.0
2317,Route Ord Ric,0.0
2318,Route Ord Rno,0.0
2319,Route Ord Roa,0.0
2320,Route Ord Roc,0.0
2321,Route Ord Rst,0.0
2322,Route Tpa Hou,0.0
2323,Route Ord Sav,0.0
2324,Route Ord Srq,0.0
2325,Route Ord Sbn,0.0
2326,Route Ord Sce,0.0
2327,Route Ord Sdf,0.0
2328,Route Ord Sea,0.0
2329,Route Ord Sgf,0.0
2330,Route Tpa Fll,0.0
2331,Route Ord Sjc,0.0
2332,Route Ord Sju,0.0
2333,Route Ord Slc,0.0
2334,Route Ord Sna,0.0
2335,Route Ord Spi,0.0
2336,Route Oth Sfo,0.0
2337,Route Tpa Den,0.0
2338,Route Pdx Sna,0.0
2339,Route Pae Phx,0.0
2340,Route Pdx Den,0.0
2341,Route Pdx Ewr,0.0
2342,Route Tpa Buf,0.0
2343,Route Pdx Fat,0.0
2344,Route Pdx Geg,0.0
2345,Route Pdx Iad,0.0
2346,Route Tpa Bna,0.0
2347,Route Pdx Iah,0.0
2348,Route Pdx Jfk,0.0
2349,Route Pdx Koa,0.0
2350,Route Pdx Las,0.0
2351,Route Tpa Bhm,0.0
2352,Route Pdx Mco,0.0
2353,Route Pdx Mdw,0.0
2354,Route Pdx Msp,0.0
2355,Route Pdx Oak,0.0
2356,Route Pdx Ogg,0.0
2357,Route Pdx Ont,0.0
2358,Route Pdx Phx,0.0
2359,Route Slc Sgu,0.0
2360,Route Pdx Rno,0.0
2361,Route Tpa Bdl,0.0
2362,Route Pdx San,0.0
2363,Route Tpa Aus,0.0
2364,Route Pdx Sfo,0.0
2365,Route Pdx Dca,0.0
2366,Route Pdx Dal,0.0
2367,Route Pdx Clt,0.0
2368,Route Pbi Hpn,0.0
2369,Route Pae Sfo,0.0
2370,Route Pbi Acy,0.0
2371,Route Pbi Atl,0.0
2372,Route Tpa Dca,0.0
2373,Route Pbi Bwi,0.0
2374,Route Pbi Clt,0.0
2375,Route Pbi Dca,0.0
2376,Route Pbi Dfw,0.0
2377,Route Pbi Dtw,0.0
2378,Route Tpa Dal,0.0
2379,Route Tpa Cvg,0.0
2380,Route Pbi Iah,0.0
2381,Route Pdx Bur,0.0
2382,Route Pbi Isp,0.0
2383,Route Pbi Jfk,0.0
2384,Route Pbi Lga,0.0
2385,Route Tpa Clt,0.0
2386,Route Pbi Phl,0.0
2387,Route Pbi Pvd,0.0
2388,Route Pbi Ttn,0.0
2389,Route Pdx Anc,0.0
2390,Route Pdx Atl,0.0
2391,Route Pdx Boi,0.0
2392,Route Pdx Bos,0.0
2393,Route Phx Mem,0.0
2394,Route Sun Slc,0.0
2395,Route Roc Mco,0.0
2396,Route Pwm Phl,0.0
2397,Route Rap Msp,0.0
2398,Route Rap Ord,0.0
2399,Route Rdd Lax,0.0
2400,Route Rdd Sfo,0.0
2401,Route Rdm Den,0.0
2402,Route Rdm Lax,0.0
2403,Route Rdm Phx,0.0
2404,Route Rdm Sfo,0.0
2405,Route Rdm Slc,0.0
2406,Route Rdu Atl,0.0
2407,Route Stl Mia,0.0
2408,Route Stl Mdw,0.0
2409,Route Rdu Bos,0.0
2410,Route Rdu Bwi,0.0
2411,Route Rdu Cvg,0.0
2412,Route Rdu Dal,0.0
2413,Route Rdu Dca,0.0
2414,Route Rdu Dfw,0.0
2415,Route Rdu Dtw,0.0
2416,Route Rdu Ewr,0.0
2417,Op Unique Carrier Qx,0.0
2418,Route Rdu Iah,0.0
2419,Route Rdu Jfk,0.0
2420,Route Rdu Las,0.0
2421,Route Rdu Lax,0.0
2422,Route Rap Dfw,0.0
2423,Route Pwm Ord,0.0
2424,Route Phx Mke,0.0
2425,Route Pwm Lga,0.0
2426,Route Pub Den,0.0
2427,Route Puw Sea,0.0
2428,Route Pvd Atl,0.0
2429,Route Pvd Bwi,0.0
2430,Route Pvd Dca,0.0
2431,Route Pvd Dtw,0.0
2432,Route Pvd Ewr,0.0
2433,Route Pvd Fll,0.0
2434,Route Pvd Lga,0.0
2435,Route Stl Ord,0.0
2436,Route Stl Oma,0.0
2437,Route Pvd Ord,0.0
2438,Route Pvd Pbi,0.0
2439,Route Pvd Phl,0.0
2440,Route Pvd Tpa,0.0
2441,Route Stl Okc,0.0
2442,Route Stl Msy,0.0
2443,Route Stl Msp,0.0
2444,Route Pwm Bwi,0.0
2445,Route Pwm Clt,0.0
2446,Route Stl Mke,0.0
2447,Route Pwm Dtw,0.0
2448,Route Pwm Ewr,0.0
2449,Route Pwm Iad,0.0
2450,Route Pwm Jfk,0.0
2451,Route Rdu Lga,0.0
2452,Route Rdu Mdw,0.0
2453,Route Rdu Msp,0.0
2454,Route Rdu Ord,0.0
2455,Route Riw Den,0.0
2456,Route Rks Den,0.0
2457,Route Rno Bur,0.0
2458,Route Rno Dfw,0.0
2459,Route Rno Lax,0.0
2460,Route Rno Lgb,0.0
2461,Route Stl Iah,0.0
2462,Route Rno Ord,0.0
2463,Route Rno Pdx,0.0
2464,Route Rno Phx,0.0
2465,Route Rno San,0.0
2466,Route Stl Hou,0.0
2467,Route Rno Sjc,0.0
2468,Route Rno Slc,0.0
2469,Route Roa Atl,0.0
2470,Route Roa Lga,0.0
2471,Route Roa Ord,0.0
2472,Route Roc Atl,0.0
2473,Route Roc Bwi,0.0
2474,Route Roc Clt,0.0
2475,Route Stl Fll,0.0
2476,Route Roc Dtw,0.0
2477,Route Roc Ewr,0.0
2478,Route Roc Jfk,0.0
2479,Route Roc Lga,0.0
2480,Route Ric Ord,0.0
2481,Route Ric Msp,0.0
2482,Route Ric Mia,0.0
2483,Route Ric Atl,0.0
2484,Route Rdu Phl,0.0
2485,Route Stl Mci,0.0
2486,Route Rdu Phx,0.0
2487,Route Stl Lit,0.0
2488,Route Rdu Pit,0.0
2489,Route Rdu Sea,0.0
2490,Route Rdu Sfo,0.0
2491,Route Rdu Sju,0.0
2492,Route Rdu Slc,0.0
2493,Route Rdu Tpa,0.0
2494,Route Rhi Msp,0.0
2495,Route Ric Bos,0.0
2496,Route Ric Mdw,0.0
2497,Route Ric Clt,0.0
2498,Route Ric Den,0.0
2499,Route Stl Lga,0.0
2500,Route Ric Dfw,0.0
2501,Route Ric Dtw,0.0
2502,Route Ric Ewr,0.0
2503,Route Ric Fll,0.0
2504,Route Ric Iah,0.0
2505,Route Ric Jfk,0.0
2506,Route Ric Lga,0.0
2507,Route Stl Lax,0.0
2508,Route Psp Smf,0.0
2509,Route Stl Phl,0.0
2510,Route Psp Slc,0.0
2511,Route Pit Iad,0.0
2512,Route Phx Tpa,0.0
2513,Route Phx Tus,0.0
2514,Route Pia Clt,0.0
2515,Route Stt Fll,0.0
2516,Route Pia Dfw,0.0
2517,Route Pia Ord,0.0
2518,Route Stt Clt,0.0
2519,Route Pib Mei,0.0
2520,Route Pie Avl,0.0
2521,Route Pie Cvg,0.0
2522,Route Pie Ind,0.0
2523,Route Pie Tys,0.0
2524,Route Pih Slc,0.0
2525,Route Pit Atl,0.0
2526,Route Lga Syr,0.0
2527,Route Pit Bna,0.0
2528,Route Sts Sna,0.0
2529,Route Pit Bos,0.0
2530,Route Pit Bwi,0.0
2531,Route Pit Clt,0.0
2532,Route Sts Sea,0.0
2533,Route Pit Dal,0.0
2534,Route Pit Dca,0.0
2535,Route Pit Den,0.0
2536,Route Pit Dfw,0.0
2537,Route Phx Sts,0.0
2538,Route Phx Stl,0.0
2539,Route Stt Iad,0.0
2540,Route Phx Rdm,0.0
2541,Route Phx Msn,0.0
2542,Route Sun Den,0.0
2543,Route Stx Mia,0.0
2544,Route Phx Msy,0.0
2545,Route Phx Oak,0.0
2546,Route Phx Ogg,0.0
2547,Route Phx Okc,0.0
2548,Route Phx Ord,0.0
2549,Route Phx Pae,0.0
2550,Route Phx Phl,0.0
2551,Route Phx Pit,0.0
2552,Route Phx Rdu,0.0
2553,Route Phx Smf,0.0
2554,Route Phx Rno,0.0
2555,Route Phx Saf,0.0
2556,Route Phx San,0.0
2557,Route Phx Sba,0.0
2558,Route Stt Sju,0.0
2559,Route Stt Mco,0.0
2560,Route Phx Sdf,0.0
2561,Route Phx Sea,0.0
2562,Route Phx Sgu,0.0
2563,Route Phx Sjc,0.0
2564,Route Stt Jfk,0.0
2565,Route Pit Fll,0.0
2566,Route Pit Iah,0.0
2567,Route Psp Sfo,0.0
2568,Route Pit Jfk,0.0
2569,Route Pns Iah,0.0
2570,Route Pns Mco,0.0
2571,Route Pns Mia,0.0
2572,Route Pns Ord,0.0
2573,Route Stl San,0.0
2574,Route Pns Phl,0.0
2575,Route Prc Den,0.0
2576,Route Prc Lax,0.0
2577,Route Psc Den,0.0
2578,Route Psc Msp,0.0
2579,Route Psc Sfo,0.0
2580,Route Stl Rsw,0.0
2581,Route Pse Jfk,0.0
2582,Route Pse Mco,0.0
2583,Route Psg Jnu,0.0
2584,Route Psg Wrg,0.0
2585,Route Psp Den,0.0
2586,Route Stl Rdu,0.0
2587,Route Psp Dfw,0.0
2588,Route Psp Iah,0.0
2589,Route Psp Las,0.0
2590,Route Psp Oak,0.0
2591,Route Stl Pit,0.0
2592,Route Psp Pdx,0.0
2593,Route Stl Phx,0.0
2594,Route Pns Hou,0.0
2595,Route Stl Sat,0.0
2596,Route Pns Den,0.0
2597,Route Pit Rsw,0.0
2598,Route Pit Las,0.0
2599,Route Pit Lax,0.0
2600,Route Sts Phx,0.0
2601,Route Pit Mco,0.0
2602,Route Pit Mdw,0.0
2603,Route Pit Mia,0.0
2604,Route Pit Msp,0.0
2605,Route Pit Myr,0.0
2606,Route Pit Phl,0.0
2607,Route Pit Phx,0.0
2608,Route Sts Lax,0.0
2609,Route Stl Tul,0.0
2610,Route Stl Sea,0.0
2611,Route Pit Sfo,0.0
2612,Route Pit Stl,0.0
2613,Route Stl Tpa,0.0
2614,Route Pit Tpa,0.0
2615,Route Pln Dtw,0.0
2616,Route Stl Smf,0.0
2617,Route Stl Slc,0.0
2618,Route Pns Bna,0.0
2619,Route Stl Sfo,0.0
2620,Route Pns Dal,0.0
2621,Route Pns Dca,0.0
2622,Route Lga Tpa,0.0
2623,Route Jfk Syr,0.0
2624,Route Lga Stl,0.0
2625,Route Cmh Mia,0.0
2626,Route Cmh Dal,0.0
2627,Route Cmh Dca,0.0
2628,Route Cmh Den,0.0
2629,Route Cmh Dtw,0.0
2630,Route Cmh Ewr,0.0
2631,Route Cmh Fll,0.0
2632,Route Cmh Hou,0.0
2633,Route Cmh Iad,0.0
2634,Route Cmh Jfk,0.0
2635,Route Cmh Las,0.0
2636,Route Cmh Lax,0.0
2637,Route Cmh Lga,0.0
2638,Route Cmh Mdw,0.0
2639,Route Cmh Ord,0.0
2640,Route Cos Lax,0.0
2641,Route Cmh Phl,0.0
2642,Route Cmh Phx,0.0
2643,Route Cmh Rsw,0.0
2644,Route Cmh Sea,0.0
2645,Route Cmh Sfo,0.0
2646,Route Cmh Stl,0.0
2647,Route Cmh Tpa,0.0
2648,Route Cmi Dfw,0.0
2649,Route Cmi Ord,0.0
2650,Route Cmx Ord,0.0
2651,Route Cny Den,0.0
2652,Route Cod Den,0.0
2653,Route Cos Iah,0.0
2654,Route Cmh Clt,0.0
2655,Route Cmh Bwi,0.0
2656,Route Cmh Bos,0.0
2657,Route Cmh Bna,0.0
2658,Route Clt Pdx,0.0
2659,Route Clt Phf,0.0
2660,Route Clt Pia,0.0
2661,Route Clt Pit,0.0
2662,Route Clt Pvd,0.0
2663,Route Clt Pwm,0.0
2664,Route Clt Rdu,0.0
2665,Route Clt Ric,0.0
2666,Route Clt Roc,0.0
2667,Route Clt Rsw,0.0
2668,Route Clt San,0.0
2669,Route Clt Sbn,0.0
2670,Route Clt Sea,0.0
2671,Route Clt Sfo,0.0
2672,Route Clt Shv,0.0
2673,Route Clt Sju,0.0
2674,Route Clt Slc,0.0
2675,Route Clt Smf,0.0
2676,Route Clt Stt,0.0
2677,Route Clt Syr,0.0
2678,Route Clt Tlh,0.0
2679,Route Clt Tpa,0.0
2680,Route Clt Tri,0.0
2681,Route Clt Tul,0.0
2682,Route Clt Tys,0.0
2683,Route Clt Vps,0.0
2684,Route Cmh Atl,0.0
2685,Route Cos Las,0.0
2686,Route Cos Mdw,0.0
2687,Route Clt Ord,0.0
2688,Route Dal Ama,0.0
2689,Route Cvg Phx,0.0
2690,Route Cvg Pie,0.0
2691,Route Cvg Rdu,0.0
2692,Route Cvg Rsw,0.0
2693,Route Cvg Sea,0.0
2694,Route Cvg Slc,0.0
2695,Route Cvg Tpa,0.0
2696,Route Cvg Vps,0.0
2697,Route Cwa Msp,0.0
2698,Route Cwa Ord,0.0
2699,Route Cys Den,0.0
2700,Route Dab Clt,0.0
2701,Route Dal Abq,0.0
2702,Route Dal Aus,0.0
2703,Route Cos Ord,0.0
2704,Route Dal Bhm,0.0
2705,Route Dal Bna,0.0
2706,Route Dal Bur,0.0
2707,Route Dal Bwi,0.0
2708,Route Dal Chs,0.0
2709,Route Dal Clt,0.0
2710,Route Dal Cmh,0.0
2711,Route Dal Cos,0.0
2712,Route Dal Den,0.0
2713,Route Dal Ecp,0.0
2714,Route Dal Fll,0.0
2715,Route Dal Iah,0.0
2716,Route Dal Ind,0.0
2717,Route Cvg Pgd,0.0
2718,Route Cvg Msp,0.0
2719,Route Cvg Mdw,0.0
2720,Route Cvg Mco,0.0
2721,Route Cos Phx,0.0
2722,Route Cos Slc,0.0
2723,Route Cou Dfw,0.0
2724,Route Cpr Den,0.0
2725,Route Cpr Slc,0.0
2726,Route Crp Dfw,0.0
2727,Route Crp Iah,0.0
2728,Route Crw Atl,0.0
2729,Route Crw Clt,0.0
2730,Route Crw Dca,0.0
2731,Route Crw Ord,0.0
2732,Route Csg Atl,0.0
2733,Route Cvg Aus,0.0
2734,Route Cvg Bos,0.0
2735,Route Cvg Bwi,0.0
2736,Route Cvg Clt,0.0
2737,Route Cvg Den,0.0
2738,Route Cvg Dfw,0.0
2739,Route Cvg Dtw,0.0
2740,Route Cvg Ewr,0.0
2741,Route Cvg Fll,0.0
2742,Route Cvg Iad,0.0
2743,Route Cvg Iah,0.0
2744,Route Cvg Jfk,0.0
2745,Route Cvg Las,0.0
2746,Route Cvg Lax,0.0
2747,Route Cvg Lga,0.0
2748,Route Clt Orf,0.0
2749,Route Clt Ont,0.0
2750,Route Dfw Day,0.0
2751,Route Cle Bna,0.0
2752,Route Chs Mdw,0.0
2753,Route Chs Mia,0.0
2754,Route Chs Ord,0.0
2755,Route Chs Sea,0.0
2756,Route Cid Atl,0.0
2757,Route Cid Clt,0.0
2758,Route Cid Dfw,0.0
2759,Route Cid Dtw,0.0
2760,Route Cid Msp,0.0
2761,Route Cid Phx,0.0
2762,Route Ciu Dtw,0.0
2763,Route Ciu Msp,0.0
2764,Route Cle Atl,0.0
2765,Route Cle Bos,0.0
2766,Route Cle Sfo,0.0
2767,Route Cle Bwi,0.0
2768,Route Cle Clt,0.0
2769,Route Cle Den,0.0
2770,Route Cle Dfw,0.0
2771,Route Cle Ewr,0.0
2772,Route Cle Fll,0.0
2773,Route Cle Iad,0.0
2774,Route Cle Iah,0.0
2775,Route Cle Jfk,0.0
2776,Route Cle Las,0.0
2777,Route Cle Msp,0.0
2778,Route Cle Ord,0.0
2779,Route Cle Rsw,0.0
2780,Route Chs Jfk,0.0
2781,Route Chs Iah,0.0
2782,Route Chs Iad,0.0
2783,Route Chs Ewr,0.0
2784,Route Bzn Slc,0.0
2785,Route Cae Atl,0.0
2786,Route Cae Clt,0.0
2787,Route Cae Dca,0.0
2788,Route Cae Dfw,0.0
2789,Route Cae Lga,0.0
2790,Route Cak Atl,0.0
2791,Route Cak Dca,0.0
2792,Route Cak Ord,0.0
2793,Route Cdc Slc,0.0
2794,Route Cdv Anc,0.0
2795,Route Cdv Yak,0.0
2796,Route Cha Atl,0.0
2797,Route Cha Clt,0.0
2798,Route Cha Dca,0.0
2799,Route Cha Dtw,0.0
2800,Route Cha Ord,0.0
2801,Route Cho Atl,0.0
2802,Route Cho Clt,0.0
2803,Route Cho Lga,0.0
2804,Route Cho Ord,0.0
2805,Route Chs Atl,0.0
2806,Route Chs Bwi,0.0
2807,Route Chs Dal,0.0
2808,Route Chs Dca,0.0
2809,Route Chs Den,0.0
2810,Route Chs Dtw,0.0
2811,Route Cle Sea,0.0
2812,Route Cle Stl,0.0
2813,Route Clt Oma,0.0
2814,Route Clt Lex,0.0
2815,Route Clt Gnv,0.0
2816,Route Clt Gpt,0.0
2817,Route Clt Gso,0.0
2818,Route Clt Gsp,0.0
2819,Route Clt Hhh,0.0
2820,Route Clt Hpn,0.0
2821,Route Clt Hsv,0.0
2822,Route Clt Iad,0.0
2823,Route Clt Ilm,0.0
2824,Route Clt Ind,0.0
2825,Route Clt Jan,0.0
2826,Route Clt Las,0.0
2827,Route Clt Lax,0.0
2828,Route Clt Lft,0.0
2829,Route Cle Tpa,0.0
2830,Route Clt Lit,0.0
2831,Route Clt Lyh,0.0
2832,Route Clt Mci,0.0
2833,Route Clt Mdt,0.0
2834,Route Clt Mdw,0.0
2835,Route Clt Mem,0.0
2836,Route Clt Mht,0.0
2837,Route Clt Mia,0.0
2838,Route Clt Mlb,0.0
2839,Route Clt Msp,0.0
2840,Route Clt Myr,0.0
2841,Route Clt Oaj,0.0
2842,Route Clt Okc,0.0
2843,Route Clt Fwa,0.0
2844,Route Clt Fay,0.0
2845,Route Clt Eyw,0.0
2846,Route Clt Ewr,0.0
2847,Route Cll Dfw,0.0
2848,Route Clt Abe,0.0
2849,Route Clt Ags,0.0
2850,Route Clt Alb,0.0
2851,Route Clt Avp,0.0
2852,Route Clt Bdl,0.0
2853,Route Clt Bhm,0.0
2854,Route Clt Bna,0.0
2855,Route Clt Bos,0.0
2856,Route Clt Btr,0.0
2857,Route Clt Btv,0.0
2858,Route Clt Cae,0.0
2859,Route Clt Cak,0.0
2860,Route Clt Cha,0.0
2861,Route Clt Cho,0.0
2862,Route Clt Chs,0.0
2863,Route Clt Cmh,0.0
2864,Route Clt Crw,0.0
2865,Route Clt Cvg,0.0
2866,Route Clt Dab,0.0
2867,Route Clt Dal,0.0
2868,Route Clt Day,0.0
2869,Route Clt Dfw,0.0
2870,Route Clt Dsm,0.0
2871,Route Clt Dtw,0.0
2872,Route Clt Ecp,0.0
2873,Route Clt Ewn,0.0
2874,Route Dal Las,0.0
2875,Route Dal Lbb,0.0
2876,Route Dal Lga,0.0
2877,Route Den Lbl,0.0
2878,Route Den Hys,0.0
2879,Route Den Iad,0.0
2880,Route Den Iah,0.0
2881,Route Den Ida,0.0
2882,Route Den Ind,0.0
2883,Route Den Jac,0.0
2884,Route Den Jax,0.0
2885,Route Den Jms,0.0
2886,Route Den Koa,0.0
2887,Route Den Lar,0.0
2888,Route Den Lax,0.0
2889,Route Den Lbb,0.0
2890,Route Den Lbf,0.0
2891,Route Den Lgb,0.0
2892,Route Den Orf,0.0
2893,Route Den Lih,0.0
2894,Route Den Maf,0.0
2895,Route Den Mco,0.0
2896,Route Den Mdw,0.0
2897,Route Den Mem,0.0
2898,Route Den Mli,0.0
2899,Route Den Mot,0.0
2900,Route Den Msn,0.0
2901,Route Den Msp,0.0
2902,Route Den Msy,0.0
2903,Route Den Oak,0.0
2904,Route Den Ogg,0.0
2905,Route Den Okc,0.0
2906,Route Den Hsv,0.0
2907,Route Den Hou,0.0
2908,Route Den Hnl,0.0
2909,Route Den Hln,0.0
2910,Route Den Chs,0.0
2911,Route Den Cid,0.0
2912,Route Den Cle,0.0
2913,Route Den Cmh,0.0
2914,Route Den Cny,0.0
2915,Route Den Cod,0.0
2916,Route Den Cos,0.0
2917,Route Den Cpr,0.0
2918,Route Den Cvg,0.0
2919,Route Den Cys,0.0
2920,Route Den Ddc,0.0
2921,Route Den Dik,0.0
2922,Route Den Dsm,0.0
2923,Route Den Dtw,0.0
2924,Route Den Ear,0.0
2925,Route Den Ege,0.0
2926,Route Den Elp,0.0
2927,Route Den Eug,0.0
2928,Route Den Ewr,0.0
2929,Route Den Far,0.0
2930,Route Den Fca,0.0
2931,Route Den Gcc,0.0
2932,Route Den Geg,0.0
2933,Route Den Gjt,0.0
2934,Route Den Gsp,0.0
2935,Route Den Gtf,0.0
2936,Route Den Guc,0.0
2937,Route Den Ont,0.0
2938,Route Den Pdx,0.0
2939,Route Dal Lgb,0.0
2940,Route Dfw Buf,0.0
2941,Route Dfw Ags,0.0
2942,Route Dfw Anc,0.0
2943,Route Dfw Aus,0.0
2944,Route Dfw Avl,0.0
2945,Route Dfw Bdl,0.0
2946,Route Dfw Bfl,0.0
2947,Route Dfw Bil,0.0
2948,Route Dfw Bis,0.0
2949,Route Dfw Bmi,0.0
2950,Route Dfw Bna,0.0
2951,Route Dfw Bos,0.0
2952,Route Dfw Bpt,0.0
2953,Route Dfw Bro,0.0
2954,Route Dfw Bwi,0.0
2955,Route Den Phl,0.0
2956,Route Dfw Bzn,0.0
2957,Route Dfw Cae,0.0
2958,Route Dfw Cha,0.0
2959,Route Dfw Chs,0.0
2960,Route Dfw Cid,0.0
2961,Route Dfw Cle,0.0
2962,Route Dfw Cll,0.0
2963,Route Dfw Clt,0.0
2964,Route Dfw Cmh,0.0
2965,Route Dfw Cmi,0.0
2966,Route Dfw Cos,0.0
2967,Route Dfw Cou,0.0
2968,Route Dfw Crp,0.0
2969,Route Dfw Aex,0.0
2970,Route Dfw Act,0.0
2971,Route Dfw Abq,0.0
2972,Route Den Xwa,0.0
2973,Route Den Pit,0.0
2974,Route Den Pns,0.0
2975,Route Den Psp,0.0
2976,Route Den Pub,0.0
2977,Route Den Rap,0.0
2978,Route Den Rdm,0.0
2979,Route Den Rdu,0.0
2980,Route Den Ric,0.0
2981,Route Den Riw,0.0
2982,Route Den Rks,0.0
2983,Route Den Rno,0.0
2984,Route Den Saf,0.0
2985,Route Den San,0.0
2986,Route Den Sba,0.0
2987,Route Den Sdf,0.0
2988,Route Den Sfo,0.0
2989,Route Den Sgf,0.0
2990,Route Den Sgu,0.0
2991,Route Den Shr,0.0
2992,Route Den Slc,0.0
2993,Route Den Sln,0.0
2994,Route Den Stl,0.0
2995,Route Den Sun,0.0
2996,Route Den Tpa,0.0
2997,Route Den Tus,0.0
2998,Route Den Vel,0.0
2999,Route Den Xna,0.0
3000,Route Den Bzn,0.0
3001,Route Den Bur,0.0
3002,Route Den Buf,0.0
3003,Route Dca Buf,0.0
3004,Route Day Msp,0.0
3005,Route Day Ord,0.0
3006,Route Day Phl,0.0
3007,Route Dbq Ord,0.0
3008,Route Dca Ack,0.0
3009,Route Dca Ags,0.0
3010,Route Dca Alb,0.0
3011,Route Dca Aus,0.0
3012,Route Dca Avl,0.0
3013,Route Dca Bdl,0.0
3014,Route Dca Bgr,0.0
3015,Route Dca Bhm,0.0
3016,Route Dca Bos,0.0
3017,Route Dca Cae,0.0
3018,Route Den Boi,0.0
3019,Route Dca Cak,0.0
3020,Route Dca Cha,0.0
3021,Route Dca Chs,0.0
3022,Route Dca Cle,0.0
3023,Route Dca Clt,0.0
3024,Route Dca Cmh,0.0
3025,Route Dca Crw,0.0
3026,Route Dca Cvg,0.0
3027,Route Dca Day,0.0
3028,Route Dca Dsm,0.0
3029,Route Dca Ewr,0.0
3030,Route Dca Eyw,0.0
3031,Route Dca Grr,0.0
3032,Route Day Lga,0.0
3033,Route Day Dtw,0.0
3034,Route Day Dfw,0.0
3035,Route Day Dca,0.0
3036,Route Dal Lit,0.0
3037,Route Dal Maf,0.0
3038,Route Dal Mco,0.0
3039,Route Dal Mdw,0.0
3040,Route Dal Mem,0.0
3041,Route Dal Mke,0.0
3042,Route Dal Msy,0.0
3043,Route Dal Oak,0.0
3044,Route Dal Oma,0.0
3045,Route Dal Ont,0.0
3046,Route Dal Ord,0.0
3047,Route Dal Pdx,0.0
3048,Route Dal Phx,0.0
3049,Route Dal Pit,0.0
3050,Route Dal Pns,0.0
3051,Route Dal Rdu,0.0
3052,Route Dal San,0.0
3053,Route Dal Sat,0.0
3054,Route Dal Sea,0.0
3055,Route Dal Sfo,0.0
3056,Route Dal Sjc,0.0
3057,Route Dal Slc,0.0
3058,Route Dal Sna,0.0
3059,Route Dal Stl,0.0
3060,Route Dal Tul,0.0
3061,Route Dal Vps,0.0
3062,Route Day Atl,0.0
3063,Route Dca Gso,0.0
3064,Route Dca Gsp,0.0
3065,Route Dca Hou,0.0
3066,Route Dca Pwm,0.0
3067,Route Dca Roc,0.0
3068,Route Dca Rsw,0.0
3069,Route Dca Sav,0.0
3070,Route Dca Sdf,0.0
3071,Route Dca Sea,0.0
3072,Route Dca Sfo,0.0
3073,Route Dca Sju,0.0
3074,Route Dca Slc,0.0
3075,Route Dca Srq,0.0
3076,Route Dca Syr,0.0
3077,Route Dca Tlh,0.0
3078,Route Dca Tpa,0.0
3079,Route Dca Tys,0.0
3080,Route Dca Vps,0.0
3081,Route Dca Xna,0.0
3082,Route Ddc Den,0.0
3083,Route Dec Ord,0.0
3084,Route Den Acv,0.0
3085,Route Den Anc,0.0
3086,Route Den Ase,0.0
3087,Route Den Atw,0.0
3088,Route Den Bdl,0.0
3089,Route Den Bff,0.0
3090,Route Den Bfl,0.0
3091,Route Den Bhm,0.0
3092,Route Den Bis,0.0
3093,Route Den Bna,0.0
3094,Route Dca Rdu,0.0
3095,Route Dca Pvd,0.0
3096,Route Dca Hpn,0.0
3097,Route Dca Pit,0.0
3098,Route Dca Hsv,0.0
3099,Route Dca Ilm,0.0
3100,Route Dca Ind,0.0
3101,Route Dca Jan,0.0
3102,Route Dca Jax,0.0
3103,Route Dca Lan,0.0
3104,Route Dca Lax,0.0
3105,Route Dca Lex,0.0
3106,Route Dca Lga,0.0
3107,Route Dca Lit,0.0
3108,Route Dca Mci,0.0
3109,Route Dca Mdw,0.0
3110,Route Dca Mem,0.0
3111,Route Dca Mgm,0.0
3112,Route Dca Mht,0.0
3113,Route Dca Mke,0.0
3114,Route Dca Msn,0.0
3115,Route Dca Msp,0.0
3116,Route Dca Myr,0.0
3117,Route Dca Okc,0.0
3118,Route Dca Oma,0.0
3119,Route Dca Ord,0.0
3120,Route Dca Orf,0.0
3121,Route Dca Pbi,0.0
3122,Route Dca Pdx,0.0
3123,Route Dca Phl,0.0
3124,Route Dca Phx,0.0
3125,Route Bzn Sfo,0.0
3126,Route Bzn Sea,0.0
3127,Route Bzn Ord,0.0
3128,Route Atl Sav,0.0
3129,Route Atl Oma,0.0
3130,Route Atl Ont,0.0
3131,Route Atl Orf,0.0
3132,Route Atl Phf,0.0
3133,Route Atl Phl,0.0
3134,Route Atl Phx,0.0
3135,Route Atl Pns,0.0
3136,Route Atl Pvd,0.0
3137,Route Atl Pwm,0.0
3138,Route Atl Ric,0.0
3139,Route Atl Roa,0.0
3140,Route Atl San,0.0
3141,Route Atl Sat,0.0
3142,Route Atl Sbn,0.0
3143,Route Atl Ttn,0.0
3144,Route Atl Sdf,0.0
3145,Route Atl Sfo,0.0
3146,Route Atl Sgf,0.0
3147,Route Atl Shv,0.0
3148,Route Atl Sjc,0.0
3149,Route Atl Sju,0.0
3150,Route Atl Smf,0.0
3151,Route Atl Sna,0.0
3152,Route Atl Srq,0.0
3153,Route Atl Stl,0.0
3154,Route Atl Stt,0.0
3155,Route Atl Syr,0.0
3156,Route Atl Tlh,0.0
3157,Route Atl Oaj,0.0
3158,Route Atl Myr,0.0
3159,Route Atl Msy,0.0
3160,Route Atl Msn,0.0
3161,Route Atl Gso,0.0
3162,Route Atl Gsp,0.0
3163,Route Atl Gtr,0.0
3164,Route Atl Hhh,0.0
3165,Route Atl Hnl,0.0
3166,Route Atl Hou,0.0
3167,Route Atl Hpn,0.0
3168,Route Atl Iad,0.0
3169,Route Atl Iah,0.0
3170,Route Atl Ict,0.0
3171,Route Atl Ilm,0.0
3172,Route Atl Jan,0.0
3173,Route Atl Las,0.0
3174,Route Atl Lax,0.0
3175,Route Atl Lex,0.0
3176,Route Atl Lft,0.0
3177,Route Atl Lit,0.0
3178,Route Atl Mci,0.0
3179,Route Atl Mdt,0.0
3180,Route Atl Mdw,0.0
3181,Route Atl Mem,0.0
3182,Route Atl Mgm,0.0
3183,Route Atl Mke,0.0
3184,Route Atl Mlb,0.0
3185,Route Atl Mli,0.0
3186,Route Atl Mlu,0.0
3187,Route Atl Mob,0.0
3188,Route Atl Tri,0.0
3189,Route Atl Tul,0.0
3190,Route Aza Pvu,0.0
3191,Route Aus Smf,0.0
3192,Route Aus Mia,0.0
3193,Route Aus Msp,0.0
3194,Route Aus Msy,0.0
3195,Route Aus Oak,0.0
3196,Route Aus Okc,0.0
3197,Route Aus Ont,0.0
3198,Route Aus Ord,0.0
3199,Route Aus Pdx,0.0
3200,Route Aus Phl,0.0
3201,Route Aus San,0.0
3202,Route Aus Sea,0.0
3203,Route Aus Sjc,0.0
3204,Route Aus Slc,0.0
3205,Route Aus Sna,0.0
3206,Route Atl Tus,0.0
3207,Route Aus Tpa,0.0
3208,Route Aus Tul,0.0
3209,Route Avl Atl,0.0
3210,Route Avl Clt,0.0
3211,Route Avl Dca,0.0
3212,Route Avl Dfw,0.0
3213,Route Avl Ewr,0.0
3214,Route Avl Fll,0.0
3215,Route Avl Lga,0.0
3216,Route Avl Ord,0.0
3217,Route Avl Sfb,0.0
3218,Route Avp Clt,0.0
3219,Route Aza Far,0.0
3220,Route Aus Mdw,0.0
3221,Route Aus Mci,0.0
3222,Route Aus Maf,0.0
3223,Route Aus Lgb,0.0
3224,Route Atl Tys,0.0
3225,Route Atl Vld,0.0
3226,Route Atl Vps,0.0
3227,Route Atl Xna,0.0
3228,Route Atw Atl,0.0
3229,Route Atw Den,0.0
3230,Route Atw Dtw,0.0
3231,Route Atw Msp,0.0
3232,Route Atw Ord,0.0
3233,Route Aus Bna,0.0
3234,Route Aus Bos,0.0
3235,Route Aus Bur,0.0
3236,Route Aus Clt,0.0
3237,Route Aus Cmh,0.0
3238,Route Aus Cvg,0.0
3239,Route Aus Dal,0.0
3240,Route Aus Dca,0.0
3241,Route Aus Dtw,0.0
3242,Route Aus Elp,0.0
3243,Route Aus Ewr,0.0
3244,Route Aus Fll,0.0
3245,Route Aus Iad,0.0
3246,Route Aus Iah,0.0
3247,Route Aus Ind,0.0
3248,Route Aus Las,0.0
3249,Route Aus Lax,0.0
3250,Route Aus Lbb,0.0
3251,Route Atl Grr,0.0
3252,Route Atl Grb,0.0
3253,Route Atl Gpt,0.0
3254,Route Alb Bwi,0.0
3255,Route Act Dfw,0.0
3256,Route Acv Den,0.0
3257,Route Acv Lax,0.0
3258,Route Acy Fll,0.0
3259,Route Acy Mco,0.0
3260,Route Acy Myr,0.0
3261,Route Acy Rsw,0.0
3262,Route Acy Tpa,0.0
3263,Route Adq Anc,0.0
3264,Route Aex Atl,0.0
3265,Route Ags Clt,0.0
3266,Route Ags Dfw,0.0
3267,Route Alb Atl,0.0
3268,Route Alb Dca,0.0
3269,Route Atl Gnv,0.0
3270,Route Alb Dtw,0.0
3271,Route Alb Ewr,0.0
3272,Route Alb Fll,0.0
3273,Route Alb Lga,0.0
3274,Route Alb Mdw,0.0
3275,Route Alb Tpa,0.0
3276,Route Alo Ord,0.0
3277,Route Alw Sea,0.0
3278,Route Ama Dal,0.0
3279,Route Ama Den,0.0
3280,Route Ama Dfw,0.0
3281,Route Ama Iah,0.0
3282,Route Ama Las,0.0
3283,Route Ack Lga,0.0
3284,Route Ack Jfk,0.0
3285,Route Ack Dca,0.0
3286,Route Aby Atl,0.0
3287,Origin State Abr Wv,0.0
3288,Origin State Abr Infrequent Sklearn,0.0
3289,Dest State Abr Me,0.0
3290,Dest State Abr Ms,0.0
3291,Dest State Abr Nh,0.0
3292,Origin State Abr Ms,0.0
3293,Dest State Abr Infrequent Sklearn,0.0
3294,Route Abe Atl,0.0
3295,Route Abe Clt,0.0
3296,Route Abe Dtw,0.0
3297,Route Abe Ord,0.0
3298,Route Abe Sfb,0.0
3299,Route Abq Atl,0.0
3300,Route Abq Aus,0.0
3301,Route Abq Bwi,0.0
3302,Route Abq Den,0.0
3303,Route Abq Hou,0.0
3304,Route Abq Iah,0.0
3305,Route Abq Jfk,0.0
3306,Route Abq Las,0.0
3307,Route Abq Lax,0.0
3308,Route Abq Oak,0.0
3309,Route Abq Ord,0.0
3310,Route Abq San,0.0
3311,Route Abq Sea,0.0
3312,Route Abq Slc,0.0
3313,Route Abr Msp,0.0
3314,Route Anc Adq,0.0
3315,Route Anc Bet,0.0
3316,Route Anc Brw,0.0
3317,Route Atl Btr,0.0
3318,Route Atl Bwi,0.0
3319,Route Atl Bzn,0.0
3320,Route Atl Cae,0.0
3321,Route Atl Cak,0.0
3322,Route Atl Cha,0.0
3323,Route Atl Cho,0.0
3324,Route Atl Cle,0.0
3325,Route Atl Clt,0.0
3326,Route Atl Cmh,0.0
3327,Route Atl Cos,0.0
3328,Route Atl Crw,0.0
3329,Route Atl Csg,0.0
3330,Route Atl Dab,0.0
3331,Route Atl Dal,0.0
3332,Route Atl Day,0.0
3333,Route Atl Dfw,0.0
3334,Route Atl Dhn,0.0
3335,Route Atl Dsm,0.0
3336,Route Atl Dtw,0.0
3337,Route Atl Ecp,0.0
3338,Route Atl Elp,0.0
3339,Route Atl Evv,0.0
3340,Route Atl Eyw,0.0
3341,Route Atl Fay,0.0
3342,Route Atl Fsd,0.0
3343,Route Atl Fwa,0.0
3344,Route Atl Geg,0.0
3345,Route Atl Btv,0.0
3346,Route Atl Bqk,0.0
3347,Route Anc Cdv,0.0
3348,Route Atl Boi,0.0
3349,Route Anc Dfw,0.0
3350,Route Anc Hnl,0.0
3351,Route Anc Jnu,0.0
3352,Route Anc Lax,0.0
3353,Route Anc Msp,0.0
3354,Route Anc Ome,0.0
3355,Route Anc Ord,0.0
3356,Route Anc Otz,0.0
3357,Route Anc Pdx,0.0
3358,Route Anc Scc,0.0
3359,Route Anc Sea,0.0
3360,Route Apn Dtw,0.0
3361,Route Ase Den,0.0
3362,Route Ase Dfw,0.0
3363,Route Ase Iah,0.0
3364,Route Ase Lax,0.0
3365,Route Ase Sfo,0.0
3366,Route Atl Abe,0.0
3367,Route Atl Abq,0.0
3368,Route Atl Aby,0.0
3369,Route Atl Aex,0.0
3370,Route Atl Ags,0.0
3371,Route Atl Alb,0.0
3372,Route Atl Avl,0.0
3373,Route Atl Bdl,0.0
3374,Route Atl Bmi,0.0
3375,Route Atl Bna,0.0
3376,Route Aza Fsd,0.0
3377,Route Azo Ord,0.0
3378,Route Bzn Msp,0.0
3379,Route Buf Atl,0.0
3380,Route Btm Slc,0.0
3381,Route Btr Clt,0.0
3382,Route Btr Dfw,0.0
3383,Route Btr Iah,0.0
3384,Route Btv Atl,0.0
3385,Route Btv Clt,0.0
3386,Route Btv Dtw,0.0
3387,Route Btv Ewr,0.0
3388,Route Btv Iad,0.0
3389,Route Btv Jfk,0.0
3390,Route Btv Lga,0.0
3391,Route Btv Ord,0.0
3392,Route Btv Phl,0.0
3393,Route Buf Bos,0.0
3394,Route Bur Aus,0.0
3395,Route Buf Clt,0.0
3396,Route Buf Dca,0.0
3397,Route Buf Den,0.0
3398,Route Buf Dfw,0.0
3399,Route Buf Dtw,0.0
3400,Route Buf Ewr,0.0
3401,Route Buf Fll,0.0
3402,Route Buf Iad,0.0
3403,Route Buf Jfk,0.0
3404,Route Buf Las,0.0
3405,Route Buf Lga,0.0
3406,Route Buf Phl,0.0
3407,Route Buf Tpa,0.0
3408,Route Brw Anc,0.0
3409,Route Bro Iah,0.0
3410,Route Bro Dfw,0.0
3411,Route Brd Msp,0.0
3412,Route Bos Mco,0.0
3413,Route Bos Mdw,0.0
3414,Route Bos Mem,0.0
3415,Route Bos Mke,0.0
3416,Route Bos Msy,0.0
3417,Route Bos Myr,0.0
3418,Route Bos Pbi,0.0
3419,Route Bos Pdx,0.0
3420,Route Bos Phx,0.0
3421,Route Bos Pit,0.0
3422,Route Bos Ric,0.0
3423,Route Bos San,0.0
3424,Route Bos Sat,0.0
3425,Route Bos Sav,0.0
3426,Route Bos Sdf,0.0
3427,Route Bos Sea,0.0
3428,Route Bos Sfo,0.0
3429,Route Bos Slc,0.0
3430,Route Bos Srq,0.0
3431,Route Bos Stl,0.0
3432,Route Bos Syr,0.0
3433,Route Bpt Dfw,0.0
3434,Route Bqk Atl,0.0
3435,Route Bqn Ewr,0.0
3436,Route Bqn Fll,0.0
3437,Route Bqn Jfk,0.0
3438,Route Bqn Mco,0.0
3439,Route Bur Abq,0.0
3440,Route Bur Dal,0.0
3441,Route Bdl Atl,0.0
3442,Route Bwi Roc,0.0
3443,Route Bwi Las,0.0
3444,Route Bwi Lax,0.0
3445,Route Bwi Mci,0.0
3446,Route Bwi Mdw,0.0
3447,Route Bwi Mht,0.0
3448,Route Bwi Mia,0.0
3449,Route Bwi Mke,0.0
3450,Route Bwi Myr,0.0
3451,Route Bwi Orf,0.0
3452,Route Bwi Phx,0.0
3453,Route Bwi Pit,0.0
3454,Route Bwi Pvd,0.0
3455,Route Bwi Pwm,0.0
3456,Route Bwi San,0.0
3457,Route Bur Den,0.0
3458,Route Bwi Sat,0.0
3459,Route Bwi Sav,0.0
3460,Route Bwi Sdf,0.0
3461,Route Bwi Sea,0.0
3462,Route Bwi Sfo,0.0
3463,Route Bwi Sju,0.0
3464,Route Bwi Slc,0.0
3465,Route Bwi Srq,0.0
3466,Route Bwi Stl,0.0
3467,Route Bwi Syr,0.0
3468,Route Bwi Tpa,0.0
3469,Route Bzn Den,0.0
3470,Route Bzn Las,0.0
3471,Route Bwi Jfk,0.0
3472,Route Bwi Isp,0.0
3473,Route Bwi Ind,0.0
3474,Route Bwi Iah,0.0
3475,Route Bur Dfw,0.0
3476,Route Bur Jfk,0.0
3477,Route Bur Las,0.0
3478,Route Bur Pdx,0.0
3479,Route Bur Rno,0.0
3480,Route Bur Sea,0.0
3481,Route Bur Sfo,0.0
3482,Route Bur Slc,0.0
3483,Route Bwi Abq,0.0
3484,Route Bwi Alb,0.0
3485,Route Bwi Atl,0.0
3486,Route Bwi Bdl,0.0
3487,Route Bwi Bhm,0.0
3488,Route Bwi Bna,0.0
3489,Route Bwi Bos,0.0
3490,Route Bwi Buf,0.0
3491,Route Bwi Chs,0.0
3492,Route Bwi Cle,0.0
3493,Route Bwi Clt,0.0
3494,Route Bwi Cmh,0.0
3495,Route Bwi Cvg,0.0
3496,Route Bwi Dal,0.0
3497,Route Bwi Den,0.0
3498,Route Bwi Dfw,0.0
3499,Route Bwi Grr,0.0
3500,Route Bwi Gsp,0.0
3501,Route Bwi Hou,0.0
3502,Route Bos Mci,0.0
3503,Route Bos Lax,0.0
3504,Route Bos Las,0.0
3505,Route Bil Slc,0.0
3506,Route Bhm Den,0.0
3507,Route Bhm Hou,0.0
3508,Route Bhm Iah,0.0
3509,Route Bhm Lga,0.0
3510,Route Bhm Mco,0.0
3511,Route Bhm Mdw,0.0
3512,Route Bhm Mia,0.0
3513,Route Bhm Ord,0.0
3514,Route Bhm Phl,0.0
3515,Route Bhm Tpa,0.0
3516,Route Bil Den,0.0
3517,Route Bil Dfw,0.0
3518,Route Bil Msp,0.0
3519,Route Bis Den,0.0
3520,Route Bos Jax,0.0
3521,Route Bis Dfw,0.0
3522,Route Bis Msp,0.0
3523,Route Bji Msp,0.0
3524,Route Bli Las,0.0
3525,Route Bli Oak,0.0
3526,Route Bli Sea,0.0
3527,Route Blv Vps,0.0
3528,Route Bmi Atl,0.0
3529,Route Bmi Dfw,0.0
3530,Route Bmi Ord,0.0
3531,Route Bna Aus,0.0
3532,Route Bna Bdl,0.0
3533,Route Bna Bos,0.0
3534,Route Bhm Dca,0.0
3535,Route Bhm Dal,0.0
3536,Route Bhm Clt,0.0
3537,Route Bhm Bwi,0.0
3538,Route Bdl Bwi,0.0
3539,Route Bdl Clt,0.0
3540,Route Bdl Den,0.0
3541,Route Bdl Dfw,0.0
3542,Route Bdl Dtw,0.0
3543,Route Bdl Fll,0.0
3544,Route Bdl Iad,0.0
3545,Route Bdl Lga,0.0
3546,Route Bdl Mco,0.0
3547,Route Bdl Mdw,0.0
3548,Route Bdl Mia,0.0
3549,Route Bdl Msp,0.0
3550,Route Bdl Myr,0.0
3551,Route Bdl Phl,0.0
3552,Route Bdl Rsw,0.0
3553,Route Bdl Sju,0.0
3554,Route Bet Anc,0.0
3555,Route Bff Den,0.0
3556,Route Bfl Den,0.0
3557,Route Bfl Phx,0.0
3558,Route Bfl Sfo,0.0
3559,Route Bgm Dtw,0.0
3560,Route Bgr Dca,0.0
3561,Route Bgr Ewr,0.0
3562,Route Bgr Jfk,0.0
3563,Route Bgr Lga,0.0
3564,Route Bgr Phl,0.0
3565,Route Bna Bwi,0.0
3566,Route Bna Chs,0.0
3567,Route Bna Cle,0.0
3568,Route Bna Sea,0.0
3569,Route Bna Srq,0.0
3570,Route Bna Stl,0.0
3571,Route Bna Vps,0.0
3572,Route Boi Atl,0.0
3573,Route Boi Dfw,0.0
3574,Route Boi Geg,0.0
3575,Route Boi Msp,0.0
3576,Route Boi Oak,0.0
3577,Route Boi Ord,0.0
3578,Route Boi Pdx,0.0
3579,Route Boi Phx,0.0
3580,Route Boi San,0.0
3581,Route Boi Sfo,0.0
3582,Route Boi Sjc,0.0
3583,Route Boi Slc,0.0
3584,Route Boi Smf,0.0
3585,Route Bos Atl,0.0
3586,Route Bos Aus,0.0
3587,Route Bos Bna,0.0
3588,Route Bos Buf,0.0
3589,Route Bos Chs,0.0
3590,Route Bos Clt,0.0
3591,Route Bos Cmh,0.0
3592,Route Bos Ewr,0.0
3593,Route Bos Iad,0.0
3594,Route Bos Iah,0.0
3595,Route Bos Ind,0.0
3596,Route Bna Slc,0.0
3597,Route Bna Sat,0.0
3598,Route Bna Cmh,0.0
3599,Route Bna San,0.0
3600,Route Bna Dal,0.0
3601,Route Bna Den,0.0
3602,Route Bna Dtw,0.0
3603,Route Bna Ecp,0.0
3604,Route Bna Ewr,0.0
3605,Route Bna Fll,0.0
3606,Route Bna Hou,0.0
3607,Route Bna Iad,0.0
3608,Route Bna Iah,0.0
3609,Route Bna Jax,0.0
3610,Route Bna Jfk,0.0
3611,Route Bna Lax,0.0
3612,Route Bna Lga,0.0
3613,Route Bna Mci,0.0
3614,Route Bna Mco,0.0
3615,Route Bna Mdw,0.0
3616,Route Bna Mia,0.0
3617,Route Bna Msp,0.0
3618,Route Bna Msy,0.0
3619,Route Bna Myr,0.0
3620,Route Bna Orf,0.0
3621,Route Bna Phl,0.0
3622,Route Bna Phx,0.0
3623,Route Bna Pit,0.0
3624,Route Bna Pns,0.0
3625,Route Bna Rdu,0.0
3626,Route Bna Rsw,0.0
3627,Route Dfw Cvg,0.0
3628,Route Dfw Den,0.0
3629,Route Lga Srq,0.0
3630,Route Ind Dtw,0.0
3631,Route Ilm Clt,0.0
3632,Route Ilm Dca,0.0
3633,Route Ilm Dfw,0.0
3634,Route Ilm Lga,0.0
3635,Route Imt Dtw,0.0
3636,Route Imt Msp,0.0
3637,Route Ind Atl,0.0
3638,Route Ind Aus,0.0
3639,Route Ind Bwi,0.0
3640,Route Ind Clt,0.0
3641,Route Ind Dal,0.0
3642,Route Ind Den,0.0
3643,Route Ind Dfw,0.0
3644,Route Ind Ewr,0.0
3645,Route Ind Phx,0.0
3646,Route Ind Fll,0.0
3647,Route Ind Hou,0.0
3648,Route Ind Iad,0.0
3649,Route Ind Iah,0.0
3650,Route Ind Jfk,0.0
3651,Route Ind Las,0.0
3652,Route Ind Lax,0.0
3653,Route Ind Lga,0.0
3654,Route Ind Mci,0.0
3655,Route Ind Mia,0.0
3656,Route Ind Msp,0.0
3657,Route Ind Ord,0.0
3658,Route Ind Pgd,0.0
3659,Route Ilm Atl,0.0
3660,Route Ida Slc,0.0
3661,Route Ida Dfw,0.0
3662,Route Ida Den,0.0
3663,Route Iah Pns,0.0
3664,Route Iah Psp,0.0
3665,Route Iah Rdu,0.0
3666,Route Iah Ric,0.0
3667,Route Iah Rsw,0.0
3668,Route Iah Sat,0.0
3669,Route Iah Sav,0.0
3670,Route Iah Sdf,0.0
3671,Route Iah Sea,0.0
3672,Route Iah Shv,0.0
3673,Route Iah Sjc,0.0
3674,Route Iah Sju,0.0
3675,Route Iah Slc,0.0
3676,Route Iah Smf,0.0
3677,Route Iah Stl,0.0
3678,Route Iah Tul,0.0
3679,Route Iah Tus,0.0
3680,Route Iah Tys,0.0
3681,Route Iah Vct,0.0
3682,Route Iah Xna,0.0
3683,Route Ict Atl,0.0
3684,Route Ict Dfw,0.0
3685,Route Ict Iah,0.0
3686,Route Ict Las,0.0
3687,Route Ict Msp,0.0
3688,Route Ict Phx,0.0
3689,Route Ict Stl,0.0
3690,Route Ind Phl,0.0
3691,Route Ind Rsw,0.0
3692,Route Iah Pib,0.0
3693,Route Jfk Bgr,0.0
3694,Route Jax Fll,0.0
3695,Route Jax Hou,0.0
3696,Route Jax Iad,0.0
3697,Route Jax Iah,0.0
3698,Route Jax Jfk,0.0
3699,Route Jax Mdw,0.0
3700,Route Jax Mia,0.0
3701,Route Jax Msp,0.0
3702,Route Jax Ord,0.0
3703,Route Jax Phl,0.0
3704,Route Jfk Abq,0.0
3705,Route Jfk Ack,0.0
3706,Route Jfk Aus,0.0
3707,Route Jfk Bna,0.0
3708,Route Ind Sea,0.0
3709,Route Jfk Bqn,0.0
3710,Route Jfk Btv,0.0
3711,Route Jfk Buf,0.0
3712,Route Jfk Bur,0.0
3713,Route Jfk Bwi,0.0
3714,Route Jfk Chs,0.0
3715,Route Jfk Clt,0.0
3716,Route Jfk Cmh,0.0
3717,Route Jfk Cvg,0.0
3718,Route Jfk Den,0.0
3719,Route Jfk Dtw,0.0
3720,Route Jfk Fll,0.0
3721,Route Jfk Hnl,0.0
3722,Route Jax Ewr,0.0
3723,Route Jax Dtw,0.0
3724,Route Jax Den,0.0
3725,Route Jax Clt,0.0
3726,Route Ind Sfo,0.0
3727,Route Ind Srq,0.0
3728,Route Ind Tpa,0.0
3729,Route Inl Msp,0.0
3730,Route Isp Bwi,0.0
3731,Route Isp Fll,0.0
3732,Route Isp Pbi,0.0
3733,Route Isp Tpa,0.0
3734,Route Ith Dtw,0.0
3735,Route Ith Jfk,0.0
3736,Route Ito Hnl,0.0
3737,Route Ito Ogg,0.0
3738,Route Jac Den,0.0
3739,Route Jac Dfw,0.0
3740,Route Jac Lax,0.0
3741,Route Jac Ord,0.0
3742,Route Jac Sfo,0.0
3743,Route Jac Slc,0.0
3744,Route Jan Atl,0.0
3745,Route Jan Clt,0.0
3746,Route Jan Dca,0.0
3747,Route Jan Dfw,0.0
3748,Route Jan Hou,0.0
3749,Route Jan Iah,0.0
3750,Route Jax Atl,0.0
3751,Route Jax Bna,0.0
3752,Route Jax Bos,0.0
3753,Route Iah Pit,0.0
3754,Route Iah Phx,0.0
3755,Route Dfw Dro,0.0
3756,Route Iad Mia,0.0
3757,Route Iad Cmh,0.0
3758,Route Iad Cvg,0.0
3759,Route Iad Den,0.0
3760,Route Iad Dtw,0.0
3761,Route Iad Ewr,0.0
3762,Route Iad Fll,0.0
3763,Route Iad Ind,0.0
3764,Route Iad Jax,0.0
3765,Route Iad Jfk,0.0
3766,Route Iad Jst,0.0
3767,Route Iad Las,0.0
3768,Route Iad Mco,0.0
3769,Route Iad Mdw,0.0
3770,Route Iad Msp,0.0
3771,Route Iad Smf,0.0
3772,Route Iad Msy,0.0
3773,Route Iad Ord,0.0
3774,Route Iad Orf,0.0
3775,Route Iad Pdx,0.0
3776,Route Iad Phx,0.0
3777,Route Iad Pit,0.0
3778,Route Iad Pwm,0.0
3779,Route Iad Rdu,0.0
3780,Route Iad San,0.0
3781,Route Iad Sat,0.0
3782,Route Iad Sdf,0.0
3783,Route Iad Sfo,0.0
3784,Route Iad Sju,0.0
3785,Route Iad Cle,0.0
3786,Route Iad Chs,0.0
3787,Route Iad Buf,0.0
3788,Route Iad Btv,0.0
3789,Route Hou Stl,0.0
3790,Route Hou Tpa,0.0
3791,Route Hou Tul,0.0
3792,Route Hpn Atl,0.0
3793,Route Hpn Dca,0.0
3794,Route Hpn Dtw,0.0
3795,Route Hpn Fll,0.0
3796,Route Hpn Mco,0.0
3797,Route Hpn Ord,0.0
3798,Route Hpn Pbi,0.0
3799,Route Hpn Rsw,0.0
3800,Route Hpn Tpa,0.0
3801,Route Hrl Aus,0.0
3802,Route Hrl Hou,0.0
3803,Route Hrl Iah,0.0
3804,Route Hsv Atl,0.0
3805,Route Hsv Clt,0.0
3806,Route Hsv Dca,0.0
3807,Route Hsv Den,0.0
3808,Route Hsv Dfw,0.0
3809,Route Hsv Iah,0.0
3810,Route Hsv Ord,0.0
3811,Route Hvn Phl,0.0
3812,Route Hys Den,0.0
3813,Route Hys Sln,0.0
3814,Route Iad Aus,0.0
3815,Route Iad Bos,0.0
3816,Route Iad Slc,0.0
3817,Route Iad Stt,0.0
3818,Route Iah Phl,0.0
3819,Route Iah Mco,0.0
3820,Route Iah Ict,0.0
3821,Route Iah Ind,0.0
3822,Route Iah Jan,0.0
3823,Route Iah Jax,0.0
3824,Route Iah Las,0.0
3825,Route Iah Lax,0.0
3826,Route Iah Lbb,0.0
3827,Route Iah Lch,0.0
3828,Route Iah Lft,0.0
3829,Route Iah Lit,0.0
3830,Route Iah Lrd,0.0
3831,Route Iah Maf,0.0
3832,Route Iah Mci,0.0
3833,Route Iah Mdw,0.0
3834,Route Iad Tpa,0.0
3835,Route Iah Mei,0.0
3836,Route Iah Mem,0.0
3837,Route Iah Mfe,0.0
3838,Route Iah Mia,0.0
3839,Route Iah Mke,0.0
3840,Route Iah Mob,0.0
3841,Route Iah Msp,0.0
3842,Route Iah Msy,0.0
3843,Route Iah Okc,0.0
3844,Route Iah Oma,0.0
3845,Route Iah Orf,0.0
3846,Route Iah Pbi,0.0
3847,Route Iah Pdx,0.0
3848,Route Iah Hsv,0.0
3849,Route Iah Hrl,0.0
3850,Route Iah Hob,0.0
3851,Route Iah Hnl,0.0
3852,Route Iah Abq,0.0
3853,Route Iah Ama,0.0
3854,Route Iah Ase,0.0
3855,Route Iah Atl,0.0
3856,Route Iah Bhm,0.0
3857,Route Iah Bna,0.0
3858,Route Iah Bos,0.0
3859,Route Iah Bro,0.0
3860,Route Iah Btr,0.0
3861,Route Iah Bwi,0.0
3862,Route Iah Chs,0.0
3863,Route Iah Cle,0.0
3864,Route Iah Clt,0.0
3865,Route Iah Cmh,0.0
3866,Route Iah Cos,0.0
3867,Route Iah Crp,0.0
3868,Route Iah Cvg,0.0
3869,Route Iah Dal,0.0
3870,Route Iah Dca,0.0
3871,Route Iah Den,0.0
3872,Route Iah Dsm,0.0
3873,Route Iah Dtw,0.0
3874,Route Iah Elp,0.0
3875,Route Iah Ewr,0.0
3876,Route Iah Gpt,0.0
3877,Route Iah Grr,0.0
3878,Route Iah Gsp,0.0
3879,Route Jfk Iah,0.0
3880,Route Jfk Ind,0.0
3881,Route Jfk Ith,0.0
3882,Route Lax Sts,0.0
3883,Route Lax Pit,0.0
3884,Route Lax Prc,0.0
3885,Route Lax Rdd,0.0
3886,Route Lax Rdm,0.0
3887,Route Lax Rno,0.0
3888,Route Lax San,0.0
3889,Route Lax Sat,0.0
3890,Route Lax Sba,0.0
3891,Route Lax Sbp,0.0
3892,Route Lax Sea,0.0
3893,Route Lax Sjc,0.0
3894,Route Lax Smf,0.0
3895,Route Lax Stl,0.0
3896,Route Lax Tpa,0.0
3897,Route Lex Dca,0.0
3898,Route Lax Tul,0.0
3899,Route Lax Tus,0.0
3900,Route Lax Xna,0.0
3901,Route Lbb Aus,0.0
3902,Route Lbb Den,0.0
3903,Route Lbb Iah,0.0
3904,Route Lbb Las,0.0
3905,Route Lbb Phx,0.0
3906,Route Lbe Mco,0.0
3907,Route Lbe Myr,0.0
3908,Route Lbf Den,0.0
3909,Route Lbl Den,0.0
3910,Route Lch Dfw,0.0
3911,Route Lax Phl,0.0
3912,Route Lax Pdx,0.0
3913,Route Lax Oma,0.0
3914,Route Lax Okc,0.0
3915,Route Lax Cle,0.0
3916,Route Lax Cmh,0.0
3917,Route Lax Cos,0.0
3918,Route Lax Cvg,0.0
3919,Route Lax Dal,0.0
3920,Route Lax Dca,0.0
3921,Route Lax Dfw,0.0
3922,Route Lax Dtw,0.0
3923,Route Lax Elp,0.0
3924,Route Lax Eug,0.0
3925,Route Lax Fat,0.0
3926,Route Lax Geg,0.0
3927,Route Lax Hou,0.0
3928,Route Lax Iad,0.0
3929,Route Lax Iah,0.0
3930,Route Lax Ind,0.0
3931,Route Lax Jac,0.0
3932,Route Lax Jfk,0.0
3933,Route Lax Koa,0.0
3934,Route Lax Lih,0.0
3935,Route Lax Mdw,0.0
3936,Route Lax Mem,0.0
3937,Route Lax Mfr,0.0
3938,Route Lax Mia,0.0
3939,Route Lax Mry,0.0
3940,Route Lax Msp,0.0
3941,Route Lax Msy,0.0
3942,Route Lex Atl,0.0
3943,Route Lex Dfw,0.0
3944,Route Jfk Jax,0.0
3945,Route Lga Okc,0.0
3946,Route Lga Ind,0.0
3947,Route Lga Jax,0.0
3948,Route Lga Lit,0.0
3949,Route Lga Mci,0.0
3950,Route Lga Mco,0.0
3951,Route Lga Mdw,0.0
3952,Route Lga Mem,0.0
3953,Route Lga Mke,0.0
3954,Route Lga Msn,0.0
3955,Route Lga Msp,0.0
3956,Route Lga Msy,0.0
3957,Route Lga Mvy,0.0
3958,Route Lga Myr,0.0
3959,Route Lga Oma,0.0
3960,Route Lex Dtw,0.0
3961,Route Lga Orf,0.0
3962,Route Lga Pbi,0.0
3963,Route Lga Phl,0.0
3964,Route Lga Pit,0.0
3965,Route Lga Pvd,0.0
3966,Route Lga Pwm,0.0
3967,Route Lga Rdu,0.0
3968,Route Lga Ric,0.0
3969,Route Lga Roa,0.0
3970,Route Lga Roc,0.0
3971,Route Lga Rsw,0.0
3972,Route Lga Sav,0.0
3973,Route Lga Sdf,0.0
3974,Route Lga Ilm,0.0
3975,Route Lga Iah,0.0
3976,Route Lga Iad,0.0
3977,Route Lga Hou,0.0
3978,Route Lex Ord,0.0
3979,Route Lft Atl,0.0
3980,Route Lft Clt,0.0
3981,Route Lft Dfw,0.0
3982,Route Lft Iah,0.0
3983,Route Lga Ack,0.0
3984,Route Lga Alb,0.0
3985,Route Lga Avl,0.0
3986,Route Lga Bdl,0.0
3987,Route Lga Bgr,0.0
3988,Route Lga Bhm,0.0
3989,Route Lga Bna,0.0
3990,Route Lga Bos,0.0
3991,Route Lga Btv,0.0
3992,Route Lga Buf,0.0
3993,Route Lga Cho,0.0
3994,Route Lga Chs,0.0
3995,Route Lga Cle,0.0
3996,Route Lga Cvg,0.0
3997,Route Lga Day,0.0
3998,Route Lga Dca,0.0
3999,Route Lga Dsm,0.0
4000,Route Lga Dtw,0.0
4001,Route Lga Fll,0.0
4002,Route Lga Grr,0.0
4003,Route Lga Gso,0.0
4004,Route Lga Gsp,0.0
4005,Route Lax Bzn,0.0
4006,Route Lax Bwi,0.0
4007,Route Lax Bna,0.0
4008,Route Koa Sea,0.0
4009,Route Jnu Anc,0.0
4010,Route Jnu Ktn,0.0
4011,Route Jnu Psg,0.0
4012,Route Jnu Sea,0.0
4013,Route Jnu Sit,0.0
4014,Route Jnu Yak,0.0
4015,Route Koa Den,0.0
4016,Route Koa Las,0.0
4017,Route Koa Lih,0.0
4018,Route Koa Oak,0.0
4019,Route Koa Pdx,0.0
4020,Route Koa Phx,0.0
4021,Route Koa San,0.0
4022,Route Koa Sfo,0.0
4023,Route Lax Ase,0.0
4024,Route Koa Sjc,0.0
4025,Route Ktn Jnu,0.0
4026,Route Ktn Sit,0.0
4027,Route Ktn Wrg,0.0
4028,Route Lan Dca,0.0
4029,Route Lan Dtw,0.0
4030,Route Lan Ord,0.0
4031,Route Lar Den,0.0
4032,Route Las Ama,0.0
4033,Route Las Atl,0.0
4034,Route Las Aus,0.0
4035,Route Las Bli,0.0
4036,Route Las Bna,0.0
4037,Route Jms Dvl,0.0
4038,Route Jms Den,0.0
4039,Route Jfk Stt,0.0
4040,Route Jfk Srq,0.0
4041,Route Jfk Mci,0.0
4042,Route Jfk Mco,0.0
4043,Route Jfk Mke,0.0
4044,Route Jfk Msp,0.0
4045,Route Jfk Mvy,0.0
4046,Route Jfk Ont,0.0
4047,Route Jfk Ord,0.0
4048,Route Jfk Orf,0.0
4049,Route Jfk Orh,0.0
4050,Route Jfk Pbi,0.0
4051,Route Jfk Pdx,0.0
4052,Route Jfk Phx,0.0
4053,Route Jfk Pit,0.0
4054,Route Jfk Pse,0.0
4055,Route Jfk Pwm,0.0
4056,Route Jfk Ric,0.0
4057,Route Jfk Roc,0.0
4058,Route Jfk Rsw,0.0
4059,Route Jfk San,0.0
4060,Route Jfk Sat,0.0
4061,Route Jfk Sav,0.0
4062,Route Jfk Sea,0.0
4063,Route Jfk Sjc,0.0
4064,Route Jfk Sju,0.0
4065,Route Jfk Slc,0.0
4066,Route Jfk Smf,0.0
4067,Route Jfk Sna,0.0
4068,Route Las Boi,0.0
4069,Route Las Bos,0.0
4070,Route Las Buf,0.0
4071,Route Las Oak,0.0
4072,Route Las Okc,0.0
4073,Route Las Oma,0.0
4074,Route Las Ont,0.0
4075,Route Las Ord,0.0
4076,Route Las Pae,0.0
4077,Route Las Pdx,0.0
4078,Route Las Phl,0.0
4079,Route Las Pit,0.0
4080,Route Las Psp,0.0
4081,Route Las Rdu,0.0
4082,Route Las Rno,0.0
4083,Route Las Sat,0.0
4084,Route Las Sba,0.0
4085,Route Las Sck,0.0
4086,Route Las Sdf,0.0
4087,Route Las Sea,0.0
4088,Route Las Sjc,0.0
4089,Route Las Smf,0.0
4090,Route Las Sna,0.0
4091,Route Las Stl,0.0
4092,Route Las Tpa,0.0
4093,Route Las Tul,0.0
4094,Route Las Tus,0.0
4095,Route Law Dfw,0.0
4096,Route Lax Abq,0.0
4097,Route Lax Acv,0.0
4098,Route Lax Anc,0.0
4099,Route Las Ogg,0.0
4100,Route Las Msy,0.0
4101,Route Las Bwi,0.0
4102,Route Las Msp,0.0
4103,Route Las Clt,0.0
4104,Route Las Cmh,0.0
4105,Route Las Dal,0.0
4106,Route Las Dca,0.0
4107,Route Las Dsm,0.0
4108,Route Las Elp,0.0
4109,Route Las Eug,0.0
4110,Route Las Geg,0.0
4111,Route Las Hnl,0.0
4112,Route Las Hou,0.0
4113,Route Las Iad,0.0
4114,Route Las Iah,0.0
4115,Route Las Ict,0.0
4116,Route Las Ind,0.0
4117,Route Las Jfk,0.0
4118,Route Las Koa,0.0
4119,Route Las Lbb,0.0
4120,Route Las Lgb,0.0
4121,Route Las Lih,0.0
4122,Route Las Lit,0.0
4123,Route Las Maf,0.0
4124,Route Las Mci,0.0
4125,Route Las Mco,0.0
4126,Route Las Mem,0.0
4127,Route Las Mfe,0.0
4128,Route Las Mia,0.0
4129,Route Las Mke,0.0
4130,Route Hou Slc,0.0
4131,Route Hou Sdf,0.0
4132,Route Hou Pns,0.0
4133,Route Dtw Mdw,0.0
4134,Route Dtw Iah,0.0
4135,Route Dtw Imt,0.0
4136,Route Dtw Ind,0.0
4137,Route Dtw Ith,0.0
4138,Route Dtw Jax,0.0
4139,Route Dtw Jfk,0.0
4140,Route Dtw Las,0.0
4141,Route Dtw Lax,0.0
4142,Route Dtw Lex,0.0
4143,Route Dtw Lga,0.0
4144,Route Dtw Mbs,0.0
4145,Route Dtw Mco,0.0
4146,Route Dtw Mdt,0.0
4147,Route Dtw Mem,0.0
4148,Route Dtw Pwm,0.0
4149,Route Dtw Mke,0.0
4150,Route Dtw Mqt,0.0
4151,Route Dtw Msn,0.0
4152,Route Dtw Msp,0.0
4153,Route Dtw Msy,0.0
4154,Route Dtw Myr,0.0
4155,Route Dtw Oma,0.0
4156,Route Dtw Orf,0.0
4157,Route Dtw Pbi,0.0
4158,Route Dtw Pdx,0.0
4159,Route Dtw Phl,0.0
4160,Route Dtw Pit,0.0
4161,Route Dtw Pln,0.0
4162,Route Dtw Iad,0.0
4163,Route Dtw Hpn,0.0
4164,Route Dtw Gsp,0.0
4165,Route Dtw Gso,0.0
4166,Route Dtw Atw,0.0
4167,Route Dtw Aus,0.0
4168,Route Dtw Avp,0.0
4169,Route Dtw Azo,0.0
4170,Route Dtw Bdl,0.0
4171,Route Dtw Bgm,0.0
4172,Route Dtw Bhm,0.0
4173,Route Dtw Bna,0.0
4174,Route Dtw Btv,0.0
4175,Route Dtw Buf,0.0
4176,Route Dtw Bwi,0.0
4177,Route Dtw Cha,0.0
4178,Route Dtw Chs,0.0
4179,Route Dtw Cid,0.0
4180,Route Dtw Ciu,0.0
4181,Route Dtw Cmh,0.0
4182,Route Dtw Cvg,0.0
4183,Route Dtw Cwa,0.0
4184,Route Dtw Day,0.0
4185,Route Dtw Dfw,0.0
4186,Route Dtw Dsm,0.0
4187,Route Dtw Elm,0.0
4188,Route Dtw Esc,0.0
4189,Route Dtw Fll,0.0
4190,Route Dtw Fwa,0.0
4191,Route Dtw Grb,0.0
4192,Route Dtw Grr,0.0
4193,Route Dtw Pvd,0.0
4194,Route Dtw Roc,0.0
4195,Route Ewr Gsp,0.0
4196,Route Ewr Alb,0.0
4197,Route Elp Sat,0.0
4198,Route Esc Dtw,0.0
4199,Route Eug Den,0.0
4200,Route Eug Las,0.0
4201,Route Eug Lax,0.0
4202,Route Eug Oak,0.0
4203,Route Eug Phx,0.0
4204,Route Eug Sfo,0.0
4205,Route Eug Slc,0.0
4206,Route Evv Atl,0.0
4207,Route Evv Dfw,0.0
4208,Route Evv Dtw,0.0
4209,Route Ewn Clt,0.0
4210,Route Ewr Aus,0.0
4211,Route Dtw Sat,0.0
4212,Route Ewr Avl,0.0
4213,Route Ewr Bgr,0.0
4214,Route Ewr Bos,0.0
4215,Route Ewr Bqn,0.0
4216,Route Ewr Btv,0.0
4217,Route Ewr Buf,0.0
4218,Route Ewr Chs,0.0
4219,Route Ewr Cmh,0.0
4220,Route Ewr Cvg,0.0
4221,Route Ewr Dca,0.0
4222,Route Ewr Dfw,0.0
4223,Route Ewr Dtw,0.0
4224,Route Ewr Grr,0.0
4225,Route Elp San,0.0
4226,Route Elp Lax,0.0
4227,Route Elp Las,0.0
4228,Route Elp Iah,0.0
4229,Route Dtw Sbn,0.0
4230,Route Dtw Sce,0.0
4231,Route Dtw Sfo,0.0
4232,Route Dtw Stl,0.0
4233,Route Dtw Syr,0.0
4234,Route Dtw Tpa,0.0
4235,Route Dtw Tys,0.0
4236,Route Dvl Den,0.0
4237,Route Dvl Jms,0.0
4238,Route Ear Den,0.0
4239,Route Eau Ord,0.0
4240,Route Ecp Atl,0.0
4241,Route Ecp Bna,0.0
4242,Route Ecp Clt,0.0
4243,Route Ecp Dal,0.0
4244,Route Ecp Dfw,0.0
4245,Route Ecp Hou,0.0
4246,Route Ecp Stl,0.0
4247,Route Ege Den,0.0
4248,Route Eko Slc,0.0
4249,Route Elm Dtw,0.0
4250,Route Elp Atl,0.0
4251,Route Elp Aus,0.0
4252,Route Elp Dal,0.0
4253,Route Elp Den,0.0
4254,Route Elp Dfw,0.0
4255,Route Elp Hou,0.0
4256,Route Dtw Apn,0.0
4257,Route Dtw Alb,0.0
4258,Route Dtw Abe,0.0
4259,Route Dfw Maf,0.0
4260,Route Dfw Ilm,0.0
4261,Route Dfw Ind,0.0
4262,Route Dfw Jac,0.0
4263,Route Dfw Jan,0.0
4264,Route Dfw Jax,0.0
4265,Route Dfw Las,0.0
4266,Route Dfw Law,0.0
4267,Route Dfw Lbb,0.0
4268,Route Dfw Lch,0.0
4269,Route Dfw Lex,0.0
4270,Route Dfw Lft,0.0
4271,Route Dfw Lga,0.0
4272,Route Dfw Lit,0.0
4273,Route Dfw Mci,0.0
4274,Route Dsm Stl,0.0
4275,Route Dfw Mco,0.0
4276,Route Dfw Mdt,0.0
4277,Route Dfw Mdw,0.0
4278,Route Dfw Mem,0.0
4279,Route Dfw Mhk,0.0
4280,Route Dfw Mli,0.0
4281,Route Dfw Mlu,0.0
4282,Route Dfw Mob,0.0
4283,Route Dfw Mry,0.0
4284,Route Dfw Msn,0.0
4285,Route Dfw Mso,0.0
4286,Route Dfw Mtj,0.0
4287,Route Dfw Myr,0.0
4288,Route Dfw Ida,0.0
4289,Route Dfw Ict,0.0
4290,Route Dfw Iad,0.0
4291,Route Dfw Hsv,0.0
4292,Route Dfw Drt,0.0
4293,Route Dfw Dsm,0.0
4294,Route Dfw Dtw,0.0
4295,Route Dfw Ecp,0.0
4296,Route Dfw Ege,0.0
4297,Route Dfw Evv,0.0
4298,Route Dfw Ewr,0.0
4299,Route Dfw Eyw,0.0
4300,Route Dfw Far,0.0
4301,Route Dfw Fat,0.0
4302,Route Dfw Flg,0.0
4303,Route Dfw Fsd,0.0
4304,Route Dfw Fsm,0.0
4305,Route Dfw Fwa,0.0
4306,Route Dfw Gck,0.0
4307,Route Dfw Geg,0.0
4308,Route Dfw Ggg,0.0
4309,Route Dfw Gjt,0.0
4310,Route Dfw Gnv,0.0
4311,Route Dfw Gpt,0.0
4312,Route Dfw Gri,0.0
4313,Route Dfw Grr,0.0
4314,Route Dfw Gso,0.0
4315,Route Dfw Gsp,0.0
4316,Route Dfw Hnl,0.0
4317,Route Dfw Hou,0.0
4318,Route Dfw Hrl,0.0
4319,Route Dfw Okc,0.0
4320,Route Dfw Ont,0.0
4321,Route Dfw Orf,0.0
4322,Route Dfw Sts,0.0
4323,Route Dfw Tlh,0.0
4324,Route Dfw Tpa,0.0
4325,Route Dfw Tri,0.0
4326,Route Dfw Tul,0.0
4327,Route Dfw Txk,0.0
4328,Route Dfw Tyr,0.0
4329,Route Dfw Tys,0.0
4330,Route Dfw Vps,0.0
4331,Route Dfw Xna,0.0
4332,Route Dfw Yum,0.0
4333,Route Dhn Atl,0.0
4334,Route Dik Den,0.0
4335,Route Dlh Ord,0.0
4336,Route Dro Phx,0.0
4337,Route Drt Dfw,0.0
4338,Route Dsm Atl,0.0
4339,Route Dsm Clt,0.0
4340,Route Dsm Dca,0.0
4341,Route Dsm Den,0.0
4342,Route Dsm Dfw,0.0
4343,Route Dsm Dtw,0.0
4344,Route Dsm Iah,0.0
4345,Route Dsm Las,0.0
4346,Route Dsm Lga,0.0
4347,Route Dsm Msp,0.0
4348,Route Dsm Ord,0.0
4349,Route Dsm Phx,0.0
4350,Route Dfw Syr,0.0
4351,Route Dfw Stl,0.0
4352,Route Dfw Pdx,0.0
4353,Route Dfw Srq,0.0
4354,Route Dfw Phl,0.0
4355,Route Dfw Pia,0.0
4356,Route Dfw Pit,0.0
4357,Route Dfw Pns,0.0
4358,Route Dfw Psp,0.0
4359,Route Dfw Rap,0.0
4360,Route Dfw Rdu,0.0
4361,Route Dfw Ric,0.0
4362,Route Dfw Rno,0.0
4363,Route Dfw Row,0.0
4364,Route Dfw Rsw,0.0
4365,Route Dfw San,0.0
4366,Route Dfw Sat,0.0
4367,Route Dfw Sav,0.0
4368,Route Dfw Sba,0.0
4369,Route Dfw Sbn,0.0
4370,Route Dfw Sbp,0.0
4371,Route Dfw Sdf,0.0
4372,Route Dfw Sea,0.0
4373,Route Dfw Sgf,0.0
4374,Route Dfw Shv,0.0
4375,Route Dfw Sjc,0.0
4376,Route Dfw Sju,0.0
4377,Route Dfw Slc,0.0
4378,Route Dfw Sna,0.0
4379,Route Dfw Spi,0.0
4380,Route Dfw Sps,0.0
4381,Route Ewr Gso,0.0
4382,Route Ewr Iad,0.0
4383,Route Hou Oma,0.0
4384,Route Gso Dfw,0.0
4385,Route Grr Den,0.0
4386,Route Grr Dtw,0.0
4387,Route Grr Ewr,0.0
4388,Route Grr Iah,0.0
4389,Route Grr Lga,0.0
4390,Route Grr Mdw,0.0
4391,Route Grr Msp,0.0
4392,Route Grr Pgd,0.0
4393,Route Grr Pie,0.0
4394,Route Grr Sfb,0.0
4395,Route Gso Atl,0.0
4396,Route Gso Clt,0.0
4397,Route Gso Dca,0.0
4398,Route Gso Dtw,0.0
4399,Route Gsp Phl,0.0
4400,Route Gso Ewr,0.0
4401,Route Gso Lga,0.0
4402,Route Gso Mia,0.0
4403,Route Gsp Bwi,0.0
4404,Route Gsp Clt,0.0
4405,Route Gsp Dca,0.0
4406,Route Gsp Den,0.0
4407,Route Gsp Dfw,0.0
4408,Route Gsp Dtw,0.0
4409,Route Gsp Ewr,0.0
4410,Route Gsp Iah,0.0
4411,Route Gsp Lga,0.0
4412,Route Gsp Mia,0.0
4413,Route Grr Dca,0.0
4414,Route Grr Clt,0.0
4415,Route Grr Bwi,0.0
4416,Route Grr Atl,0.0
4417,Route Geg Lax,0.0
4418,Route Geg Msp,0.0
4419,Route Geg Oak,0.0
4420,Route Geg Pdx,0.0
4421,Route Geg Sfo,0.0
4422,Route Geg Sjc,0.0
4423,Route Geg Slc,0.0
4424,Route Geg Smf,0.0
4425,Route Gfk Msp,0.0
4426,Route Ggg Dfw,0.0
4427,Route Gjt Dfw,0.0
4428,Route Gjt Phx,0.0
4429,Route Gjt Slc,0.0
4430,Route Gnv Atl,0.0
4431,Route Gnv Clt,0.0
4432,Route Gnv Dfw,0.0
4433,Route Gnv Mia,0.0
4434,Route Gpt Atl,0.0
4435,Route Gpt Clt,0.0
4436,Route Gpt Dfw,0.0
4437,Route Gpt Iah,0.0
4438,Route Grb Atl,0.0
4439,Route Grb Dtw,0.0
4440,Route Grb Msp,0.0
4441,Route Grb Ord,0.0
4442,Route Grk Dfw,0.0
4443,Route Grk Iah,0.0
4444,Route Gsp Ord,0.0
4445,Route Gtf Den,0.0
4446,Route Ewr Iah,0.0
4447,Route Hou Ind,0.0
4448,Route Hou Aus,0.0
4449,Route Hou Bhm,0.0
4450,Route Hou Bna,0.0
4451,Route Hou Bwi,0.0
4452,Route Hou Cmh,0.0
4453,Route Hou Crp,0.0
4454,Route Hou Dal,0.0
4455,Route Hou Dca,0.0
4456,Route Hou Den,0.0
4457,Route Hou Dfw,0.0
4458,Route Hou Ecp,0.0
4459,Route Hou Elp,0.0
4460,Route Hou Fll,0.0
4461,Route Hou Jan,0.0
4462,Route Gtf Slc,0.0
4463,Route Hou Jax,0.0
4464,Route Hou Las,0.0
4465,Route Hou Lax,0.0
4466,Route Hou Lgb,0.0
4467,Route Hou Maf,0.0
4468,Route Hou Mci,0.0
4469,Route Hou Mco,0.0
4470,Route Hou Mdw,0.0
4471,Route Hou Mem,0.0
4472,Route Hou Mia,0.0
4473,Route Hou Msy,0.0
4474,Route Hou Oak,0.0
4475,Route Hou Okc,0.0
4476,Route Hou Abq,0.0
4477,Route Hnl Smf,0.0
4478,Route Hnl Slc,0.0
4479,Route Hnl Sjc,0.0
4480,Route Gtr Atl,0.0
4481,Route Guc Den,0.0
4482,Route Gum Hnl,0.0
4483,Route Hdn Den,0.0
4484,Route Hhh Atl,0.0
4485,Route Hhh Clt,0.0
4486,Route Hib Msp,0.0
4487,Route Hln Den,0.0
4488,Route Hln Slc,0.0
4489,Route Hnl Anc,0.0
4490,Route Hnl Atl,0.0
4491,Route Hnl Den,0.0
4492,Route Hnl Dfw,0.0
4493,Route Hnl Gum,0.0
4494,Route Hnl Iah,0.0
4495,Route Hnl Jfk,0.0
4496,Route Hnl Koa,0.0
4497,Route Hnl Las,0.0
4498,Route Hnl Lax,0.0
4499,Route Hnl Lgb,0.0
4500,Route Hnl Msp,0.0
4501,Route Hnl Oak,0.0
4502,Route Hnl Ont,0.0
4503,Route Hnl Ord,0.0
4504,Route Hnl Pdx,0.0
4505,Route Hnl Phx,0.0
4506,Route Hnl Sea,0.0
4507,Route Geg Las,0.0
4508,Route Geg Dfw,0.0
4509,Route Geg Den,0.0
4510,Route Far Ord,0.0
4511,Route Ewr Tpa,0.0
4512,Route Ewr Tys,0.0
4513,Route Eyw Atl,0.0
4514,Route Eyw Clt,0.0
4515,Route Eyw Dca,0.0
4516,Route Eyw Dfw,0.0
4517,Route Eyw Ewr,0.0
4518,Route Eyw Mia,0.0
4519,Route Fai Anc,0.0
4520,Route Far Aza,0.0
4521,Route Far Den,0.0
4522,Route Far Dfw,0.0
4523,Route Far Msp,0.0
4524,Route Fat Den,0.0
4525,Route Geg Boi,0.0
4526,Route Fat Dfw,0.0
4527,Route Fat Lax,0.0
4528,Route Fat Pdx,0.0
4529,Route Fat San,0.0
4530,Route Fat Sea,0.0
4531,Route Fat Sfo,0.0
4532,Route Fat Slc,0.0
4533,Route Fay Atl,0.0
4534,Route Fay Clt,0.0
4535,Route Fca Den,0.0
4536,Route Fca Msp,0.0
4537,Route Fca Ord,0.0
4538,Route Fca Sea,0.0
4539,Route Ewr Stl,0.0
4540,Route Ewr Srq,0.0
4541,Route Ewr Sna,0.0
4542,Route Ewr Smf,0.0
4543,Route Ewr Ind,0.0
4544,Route Ewr Jax,0.0
4545,Route Ewr Las,0.0
4546,Route Ewr Mci,0.0
4547,Route Ewr Mdw,0.0
4548,Route Ewr Mem,0.0
4549,Route Ewr Mht,0.0
4550,Route Ewr Mke,0.0
4551,Route Ewr Msn,0.0
4552,Route Ewr Msp,0.0
4553,Route Ewr Myr,0.0
4554,Route Ewr Orf,0.0
4555,Route Ewr Pdx,0.0
4556,Route Ewr Phx,0.0
4557,Route Ewr Pit,0.0
4558,Route Ewr Pvd,0.0
4559,Route Ewr Pwm,0.0
4560,Route Ewr Rdu,0.0
4561,Route Ewr Ric,0.0
4562,Route Ewr Roc,0.0
4563,Route Ewr Rsw,0.0
4564,Route Ewr Sat,0.0
4565,Route Ewr Sav,0.0
4566,Route Ewr Sdf,0.0
4567,Route Ewr Sea,0.0
4568,Route Ewr Sju,0.0
4569,Route Ewr Slc,0.0
4570,Route Fca Slc,0.0
4571,Route Flg Dfw,0.0
4572,Route Flg Phx,0.0
4573,Route Fll Pvd,0.0
4574,Route Fll San,0.0
4575,Route Fll Sat,0.0
4576,Route Fll Sdf,0.0
4577,Route Fll Sea,0.0
4578,Route Fll Sfo,0.0
4579,Route Fll Sju,0.0
4580,Route Fll Slc,0.0
4581,Route Fll Stl,0.0
4582,Route Fll Stt,0.0
4583,Route Fll Tpa,0.0
4584,Route Fll Tys,0.0
4585,Route Fnt Atl,0.0
4586,Route Fnt Ord,0.0
4587,Route Fod Ord,0.0
4588,Route Fsd Atl,0.0
4589,Route Fsd Den,0.0
4590,Route Fsd Msp,0.0
4591,Route Fsd Ord,0.0
4592,Route Fsd Phx,0.0
4593,Route Fsm Dfw,0.0
4594,Route Fwa Atl,0.0
4595,Route Fwa Clt,0.0
4596,Route Fwa Dtw,0.0
4597,Route Fwa Msp,0.0
4598,Route Fwa Ord,0.0
4599,Route Gck Dfw,0.0
4600,Route Geg Atl,0.0
4601,Route Fll Ric,0.0
4602,Route Fll Pns,0.0
4603,Route Fll Acy,0.0
4604,Route Fll Pit,0.0
4605,Route Fll Atl,0.0
4606,Route Fll Aus,0.0
4607,Route Fll Avl,0.0
4608,Route Fll Bdl,0.0
4609,Route Fll Buf,0.0
4610,Route Fll Chs,0.0
4611,Route Fll Cle,0.0
4612,Route Fll Cmh,0.0
4613,Route Fll Cvg,0.0
4614,Route Fll Dal,0.0
4615,Route Fll Dca,0.0
4616,Route Fll Den,0.0
4617,Route Fll Dtw,0.0
4618,Route Fll Ewr,0.0
4619,Route Fll Hou,0.0
4620,Route Fll Hpn,0.0
4621,Route Fll Iad,0.0
4622,Route Fll Isp,0.0
4623,Route Fll Jax,0.0
4624,Route Fll Las,0.0
4625,Route Fll Mci,0.0
4626,Route Fll Mco,0.0
4627,Route Fll Mdw,0.0
4628,Route Fll Msp,0.0
4629,Route Fll Msy,0.0
4630,Route Fll Myr,0.0
4631,Route Fll Orh,0.0
4632,Route Jfk Mia,0.0
